comuna,distrito,domicilio_edificio,cui
1,1,LAVALLE 1681,200025
1,1,ESMERALDA 285,200026
1,1,JUNCAL 1258,200027
1,1,LIBERTAD 1257,200022
1,1,CARLOS PELLEGRINI 1515,200032
1,1,SAN MARTIN 458,200012
1,1,AVDA. PTE. MANUEL QUINTANA 31,200002
2,1,AVDA. SANTA FE 1510,200003
1,1,RECONQUISTA 461,200004
1,1,RODRIGUEZ PEÑA 747,200005
1,1,BASAVILBASO 1295,200006
1,1,LIBERTAD 581,200007
1,1,TALCAHUANO 680,200008
1,1,TTE. GRAL. JUAN DOMINGO PERON 1140,200009
1,1,AVDA. DEL LIBERTADOR 238,200024
1,1,LETONIA 1940,202680
1,1,LETONIA 26,202679
2,1,AYACUCHO 1680,200001
2,1,PEÑA 2670,200018
2,1,MARCELO T. DE ALVEAR 1840,200042
2,1,AVDA. GRAL. LAS HERAS 3086,200015
2,1,AYACUCHO 953,200033
2,1,AYACUCHO 1849,200016
2,1,LARREA 854,200017
2,1,AVDA. CORDOBA 1951,200029
3,1,SARMIENTO 2250,200013
3,1,AVDA. CALLAO 628,200023
3,1,LAVALLE 2366,200010
3,1,AVDA. CALLAO 450,200030
3,1,AVDA. CORDOBA 2016,200031
3,3,AYACUCHO 632,201863
14,1,JUNCAL 3131,200014
14,1,JERONIMO SALGUERO 2455,200020
14,1,JULIAN ALVAREZ 2849,200011
14,1,JUNCAL 3251,200028
2,2,ECUADOR 1158,200098
2,2,JOSE ANTONIO CABRERA 3484,200095
2,2,ARENALES 2733,200083
2,2,JOSE ANTONIO CABRERA 3430,200085
2,2,AVDA. SANTA FE 2778,200096
2,2,LAPRIDA 1235,200076
5,2,SANCHEZ DE BUSTAMANTE 260,200092
3,2,VALENTIN GOMEZ 3163,200099
5,2,AVDA. RIVADAVIA 3577,200097
3,2,JEAN JAURES 870,200094
3,2,DR. TOMAS MANUEL DE ANCHORENA 855,200093
3,2,TUCUMAN 3233,200081
5,2,BULNES 45,200106
5,2,MARIO BRAVO 234,200089
3,2,SARMIENTO 2832,200087
3,2,AVDA. PUEYRREDON 630,200086
3,2,DR. TOMAS MANUEL DE ANCHORENA 441,200079
5,2,AVDA. CORRIENTES 4261,200102
5,2,SARMIENTO 4041,200105
5,2,LEZICA 3955,200107
5,2,JERONIMO SALGUERO 920,200100
5,2,PRINGLES 1165,200091
5,2,FRANCISCO ACUÑA DE FIGUEROA 850,200090
6,2,AVDA. ANGEL GALLARDO 246,200088
5,2,OBRERO ROBERTO NUÑEZ 4355,200084
5,2,LAMBARE 975,200077
6,2,RIO DE JANEIRO 986,200080
14,2,SOLER 3929,200078
14,2,GRAL. LUCIO NORBERTO MANSILLA 3643,200120
14,2,EL SALVADOR 4037,200082
14,2,JOSE ANTONIO CABRERA 4078,200103
14,2,GUEMES 3859,200101
1,3,AVDA. SAN JUAN 1545,200137
1,3,CHACABUCO 922,200138
1,3,AVDA. INDEPENDENCIA 668,200141
1,3,AVDA. INDEPENDENCIA 672,200143
1,3,MEXICO 1627,200146
1,3,CHILE 1371,200145
1,3,TACUARI 567,200124
1,3,AVDA. INDEPENDENCIA 758,200168
1,3,CHILE 1626,200123
1,3,REPÚBLICA BOLIVARIANA DE VENEZUELA 771,200125
1,3,HUMBERTO 1° 1573,200126
1,3,CARLOS CALVO 1140,200127
1,3,PTE. LUIS SAENZ PEÑA 1215,200129
1,3,PTE. LUIS SAENZ PEÑA 463,200130
1,3,SALTA 1226,200132
3,3,MEXICO 2383,200131
3,3,MORENO 2104,200128
3,3,MORENO 2135,200140
3,3,AVDA. ENTRE RIOS 757,200139
1,3,PIEDRAS 1430,200144
3,3,PASCO 961,200135
3,3,AVDA. SAN JUAN 2277,200136
3,3,AVDA. ENTRE RIOS 1359,200133
3,3,AVDA. ENTRE RIOS 1341,200133
3,3,CONSTITUCION 1839,200133
3,3,AVDA. SAN JUAN 2128,200142
1,4,AVDA. PASEO COLON 255,200200
1,4,AVDA. INDEPENDENCIA 569,202145
1,4,HUMBERTO I° 343,200186
1,4,AVDA. SAN JUAN 353,200188
1,4,BOLIVAR 346,200194
1,4,AVDA. PASEO COLON 650,200195
1,4,BOLIVAR 1235,200199
4,4,RIO CUARTO 1993,200198
4,4,AVDA. DON PEDRO DE MENDOZA 1835,200178
4,4,BENITO QUINQUELA MARTIN 1081,200176
4,4,BRANDSEN 1057,200180
4,4,WENCESLAO VILLAFAÑE 1342,200197
4,4,ARISTOBULO DEL VALLE 471,200173
4,4,ROCHA 1226,200175
4,4,BRAUN MENENDEZ 260,200177
4,4,GRAL. GREGORIO ARAOZ DE LAMADRID 499,200179
4,4,SUAREZ 1131,200181
4,4,NECOCHEA 1136,200182
4,4,BENITO QUINQUELA MARTIN 1649,200193
4,4,RIO CUARTO 1249,200184
4,4,CALIFORNIA 1925,200187
1,4,DEFENSA 1431,200189
4,4,JOSE AARON SALMUN FEIJOO 1073,200190
4,4,GRAL. GREGORIO ARAOZ DE LAMADRID 676,200191
4,4,GRAL. GREGORIO ARAOZ DE LAMADRID 648,200178
4,4,HERNANDARIAS 556,200183
4,4,WENCESLAO VILLAFAÑE 453,200174
4,4,AVDA. DON PEDRO DE MENDOZA 1777,200196
4,5,DR. RAMON CARRILLO 317,200266
4,5,ARCAMENDIA 743,200259
4,5,SANTA MAGDALENA 431,200257
4,5,VIEYTES 942,200256
4,5,AVDA. MANUEL MONTES DE OCA 121,200254
1,5,AVDA. CASEROS 1555,200251
4,5,AVDA. MANUEL MONTES DE OCA 16,200250
4,5,VIEYTES 1469,200247
4,5,AVDA. MANUEL MONTES DE OCA 439,200226
4,5,AVDA. AMANCIO ALCORTA 1934,200230
4,5,SALOM 332,200235
4,5,AVDA. CASEROS 734,200229
4,5,AVDA. MANUEL MONTES DE OCA 807,200237
1,5,SAN JOSE 1985,200228
4,5,LUZURIAGA 1571,200231
1,5,SOLIS 1815,200227
4,5,GRAL. HORNOS 530,200224
4,5,SAN ANTONIO 682,200242
4,5,SAN ANTONIO 1136,200252
4,5,RIO CUARTO Y MONTESQUIEU,200281
4,5,AVDA. ALMAFUERTE 66,200225
4,5,PICHINCHA 1873,200246
4,5,LYNCH 3536,200244
4,5,IGUAZU 1110,200232
4,5,ALVARADO 3295,200248
4,5,AVDA. AMANCIO ALCORTA 2502,200245
4,5,TRAFUL 3847,200243
4,5,MANUEL GARCIA 370,200280
4,5,JUAN CARLOS GOMEZ 253,200253
4,5,JOSE A. CORTEJARENA 3350,200255
4,5,ELIA 473,200241
4,5,LAFAYETTE 1879,200233
4,5,PROF. DR. PEDRO CHUTRO 3380,200249
4,5,AVDA. CASEROS 2152,200240
4,5,CACHI 77,200236
4,5,ZAVALETA 204,200262
4,5,AVDA. GRAL. IRIARTE 3880,200261
4,5,AVDA. AMANCIO ALCORTA 3402,200238
4,5,TRAFUL 3835,200239
3,6,SAAVEDRA 15,200342
3,6,AVDA. JUJUY 255,200322
5,6,AVDA. BOEDO 650,200317
3,6,GRAL. URQUIZA 277,200324
3,6,AGRELO 3231,200303
3,6,AVDA. JUJUY 150,200318
3,6,SAAVEDRA 695,200299
3,6,GRAL. URQUIZA 227,200304
3,6,ADOLFO ALSINA 2499,200294
3,6,CATAMARCA 462,200298
5,6,AVDA. BOEDO 760,200323
3,6,LA RIOJA 1042,200325
4,6,DEAN FUNES 1821,200327
3,6,LA RIOJA 850,200296
3,6,CARLOS CALVO 3176,200328
4,6,GRAL. URQUIZA 2159,200329
4,6,INCLAN 3146,200330
3,6,HUMBERTO 1° 3187,200345
3,6,CARLOS CALVO 3150,200326
4,6,LA RIOJA 1846,200295
3,6,COCHABAMBA 2830,200319
5,6,AVDA. INDEPENDENCIA 3354,200316
3,6,HUMBERTO I° 2861,200315
3,6,24 DE NOVIEMBRE 1536,200300
4,6,CATULO CASTILLO 2852,200335
5,6,MAZA 1913,200343
3,6,AVDA. JUJUY 1471,200301
3,6,HUMBERTO I° 3171,200302
3,6,CARLOS CALVO 2827,200307
3,6,AVDA. JUJUY 780,200320
5,6,AVDA. BOEDO 1935,200344
5,6,AVDA. JUAN DE GARAY 3972,200311
5,6,CONSTITUCION 4154,200313
5,6,AVDA. BOEDO 657,200309
5,6,AVDA. BELGRANO 3767,200308
5,6,CASTRO BARROS 965,200305
5,6,TARIJA 4136,200310
5,6,QUINTINO BOCAYUVA 620,200297
6,7,CAMPICHUELO 100,200377
6,7,DR. ELEODORO LOBOS 437,200365
6,7,JUAN B. AMBROSETTI 601,200383
5,7,PRINGLES 263,200373
6,7,JUAN B. AMBROSETTI 699,200378
6,7,AVDA. DIAZ VELEZ 4659,200379
6,7,AVDA. RIVADAVIA 5161,200380
6,7,AVDA. RIVADAVIA 4817,200377
6,7,HIDALGO 635,200370
6,7,FELIPE VALLESE 835,200364
6,7,GRAL. MARTIN DE GAINZA 1050,200381
6,7,AVDA. GAONA 1502,200382
6,7,MENDEZ DE ANDES 1451,200375
7,7,FRANKLIN 1836,200362
6,7,AVDA. RIVADAVIA 6065,200356
7,7,MANUEL RICARDO TRELLES 948,200357
6,7,FELIPE VALLESE 975,200397
6,7,JOSE JUAN BIEDMA 459,200374
11,7,SANCHEZ 1858,200360
15,7,ARAOZ 234,200372
15,7,AVDA. CORRIENTES 5332,200353
15,7,CAMARGO 725,200354
6,7,CNEL. APOLINARIO FIGUEROA 1077,200359
11,14,FRAGATA PRESIDENTE SARMIENTO 1817,201865
6,7,NICASIO OROÑO 1431,200361
11,7,GALICIA 1857,200363
15,7,CNEL. APOLINARIO FIGUEROA 651,200366
15,7,JULIAN ALVAREZ 240,200367
11,7,ALEJANDRO MAGARIÑOS CERVANTES 1556,200368
6,7,LUIS VIALE 1046,200369
15,7,ROJAS 1554,200371
15,7,JULIAN ALVAREZ 123,200376
15,7,OLAYA 1565,200358
7,8,CACHIMAYO 1657,200408
7,8,SARAZA 470,200418
7,8,CACHIMAYO 1735,200417
7,8,BEAUCHEF 1869,200415
5,8,MUÑIZ 2147,200414
7,8,SARAZA 1353,200411
7,8,VICTOR MARTINEZ 1780,200419
7,8,SANTANDER 1150,200401
6,8,AVDA. JUAN BAUTISTA ALBERDI 1083,200431
6,8,SENILLOSA 650,200430
6,8,AVDA. RIVADAVIA 4950,200427
6,8,FORMOSA 136,200426
6,8,AVDA. JOSE MARIA MORENO 345,200425
5,8,HIPOLITO YRIGOYEN 4238,200422
7,8,AVDA. ASAMBLEA 153,200421
6,8,AVDA. JOSE MARIA MORENO 480,200406
5,8,QUITO 4045,200420
6,8,DEL BARCO CENTENERA 747,200403
5,8,AVDA. LA PLATA 1038,200404
6,8,AVDA. LA PLATA 623,200407
6,8,AVDA. JUAN BAUTISTA ALBERDI 163,200409
7,8,ESTRADA 627,200413
5,8,DON BOSCO 4200,200412
7,8,SALAS 565,200416
6,8,AVDA. PEDRO GOYENA 984,200410
7,8,AVDA. ASAMBLEA 1221,200405
6,8,PUAN 360,200402
7,8,HORTIGUERA 742,200423
7,8,AVDA. EVA PERON 1502,200400
7,8,EMILIO MITRE 1087,200429
7,8,AVDA. CURAPALIGÜE 1150,200428
14,9,AVDA. GRAL. LAS HERAS 4078,200471
14,9,GUEMES 4610,200459
14,9,THAMES 1361,200460
15,9,AGUIRRE 752,200441
14,9,URIARTE 2235,200464
14,9,AVDA. SANTA FE 3727,200467
14,9,MALABIA 2148,200470
14,9,JUAN FRANCISCO SEGUI 3755,200473
14,9,RAUL SCALABRINI ORTIZ 2760,200475
14,9,GUEMES 4059,200476
14,9,DARREGUEYRA 2460,200477
14,9,GUEMES 4615,200487
14,9,PARAGUAY 4301,200456
14,9,MALABIA 2252,200450
15,9,MALABIA 964,200457
14,9,COSTA RICA 4942,200440
15,9,GURRUCHAGA 739,200441
14,9,AVDA. RAUL SCALABRINI ORTIZ 1336,200443
13,9,VIRREY LORETO 3050,200446
14,9,NICARAGUA 5732,200474
14,9,AVDA. SANTA FE 5039,200445
14,9,AVDA. DEL LIBERTADOR 4777,200444
13,9,MOLDES 1102,200455
13,9,LA PAMPA 1240,200479
14,9,ARCE 611,200447
13,9,ZAPATA 449,200442
14,9,BONPLAND 1314,200478
13,9,CONDE 943,200451
13,9,AVDA. FEDERICO LACROZE 2971,200454
15,9,HUMBOLDT 742,200458
14,9,AREVALO 1408,200453
13,9,CONDE 223,200452
14,9,AVDA. DEL LIBERTADOR 4903,200461
14,9,AVDA. DORREGO 3723,200491
13,9,MOLDES 1220,200462
14,9,AVDA. DORREGO 3751,200472
14,9,EL SALVADOR 5528,200465
14,9,ANGEL JUSTINIANO CARRANZA 2045,200466
14,9,OLLEROS 2325,200449
14,9,AVDA. CABILDO 40,200468
15,9,LOYOLA 1500,200469
14,9,GORRITI 5740/5744,200448
13,10,AVDA. CRAMER 2136,200527
13,10,JURAMENTO 2945,200531
12,10,NUÑEZ 3620,200529
13,10,AVDA. MONROE 3061,200526
13,10,CONESA 1855,200521
12,10,AVDA. RUIZ HUIDOBRO 3853,200518
12,10,PINTO 3910,200515
13,10,AVDA. MONROE 3000,200513
12,10,LA PAMPA 3855,200512
13,10,AVDA. CONGRESO 3045,200510
12,10,ROQUE PEREZ 3545,200508
12,10,BESARES 2990,200500
13,10,AVDA. CRAMER 3271,200506
13,10,CUBA 2410,200530
13,10,MOLDES 2043,200499
13,10,O'HIGGINS 2441,200532
13,10,3 DE FEBRERO 2463,200533
13,10,AVDA. CABILDO 3615,200501
13,10,AVDA. DEL LIBERTADOR 8635,200528
13,10,JUANA AZURDUY 2541,200498
13,10,CUBA 2039,200496
13,10,MCAL. ANTONIO JOSE DE SUCRE 1367,200517
13,10,MOLDES 1854,200497
13,10,O'HIGGINS 3401,200524
12,10,RUIZ HUIDOBRO 2643,200507
13,10,ARCOS 2440,200511
13,10,AVDA. INTENDENTE CANTILO Y LA PAMPA,200505
13,10,AVDA. CONGRESO 1553,200514
13,10,FRANKLIN DELANO ROOSEVELT 1510,200516
12,10,PICO 2689,200509
13,10,O'HIGGINS 3050,200503
13,10,RAMSAY 2250,200519
13,10,MCAL. ANTONIO JOSE DE SUCRE 2284,200520
13,10,MENDOZA 1000,200502
13,10,AVDA. MIGUEL SANCHEZ 1050,200523
13,10,11 DE SEPTIEMBRE DE 1888 3451,200504
13,10,CARLOS E. ZUBERBÜHLER 1850,200525
7,11,AVDA. VARELA 1040,200554
7,11,LAUTARO 1440,200561
7,11,SAN PEDRITO 1137,200569
7,11,AVDA. VARELA 1425,200573
7,11,PUMACAHUA 1247,200555
7,11,AVDA. SAN PEDRITO 1415,200552
7,11,AVELINO DIAZ 2356,200568
7,11,AVDA. SAN PEDRITO 341,200576
7,11,PUMACAHUA 390,200575
7,11,AVDA. CARABOBO 286,200574
7,11,AVDA. JUAN BAUTISTA ALBERDI 1845,200572
7,11,CNEL. RAMON L. FALCON 2248,200571
7,11,LAUTARO 752,200570
10,11,CNEL. RAMON L. FALCON 4126,200549
7,11,AVDA. LAFUENTE 559,200558
10,11,MARIANO ACOSTA 45,200551
9,11,MARIANO ACOSTA 1071,200579
7,11,PORTELA 734,200553
7,11,CNEL. RAMON L. FALCON 2934,200557
10,11,CNEL. RAMON L. FALCON 4151,200550
9,11,GREGORIO DE LAFERRERE 3624,200559
7,11,AVDA. VARELA 753,200560
7,11,AVDA. CARABOBO 253,200563
7,11,PRIMERA JUNTA 3445,200564
9,11,GRAL. EUGENIO GARZON 3950,200565
10,11,JOSE BONIFACIO 3650,200566
9,11,BALDOMERO FERNANDEZ MORENO 3652,200567
7,11,VARELA 358,200556
7,12,BOGOTA 2759,200608
10,12,GRAL. VENANCIO FLORES 3869,200600
10,12,MORON 3745,200601
7,12,DR. JUAN FELIPE ARANGUREN 2605,200605
7,12,CONDARCO 290,200606
7,12,PJE. LA PORTEÑA 54,200607
7,12,GRAL. JOSE GERVASIO DE ARTIGAS 690,200609
7,12,CARACAS 48,200615
10,12,SAN NICOLAS 588,200612
7,12,FRAY CAYETANO RODRIGUEZ 95,200599
10,12,JOAQUIN V. GONZALEZ 307,200604
7,12,GRAL. JOSE GERVASIO DE ARTIGAS 878,200588
7,12,DR. JUAN FELIPE ARANGUREN 2400,200596
7,12,CARACAS 10,200585
7,12,AVDA. AVELLANEDA 2547,200595
10,12,JOAQUIN V. GONZALEZ 180,200586
7,12,YERBAL 2370,200584
10,12,BACACAY 3542,200592
10,12,BAHIA BLANCA 1551,200597
10,12,DR. LUIS BELAUSTEGUI 3751,200594
10,12,MERCEDES 1405,200593
11,12,CAMARONES 3559,200610
11,12,CARACAS 1249,200587
11,12,GAVILAN 1464,200611
11,12,ALEJANDRO MAGARIÑOS CERVANTES 2865,200598
11,12,GRAL. CESAR DIAZ 3050,200591
11,12,SAN BLAS 2238,200603
11,12,REMEDIOS DE ESCALADA DE SAN MARTIN 2986,200602
11,12,CONDARCO 1129,200618
11,12,SAN BLAS 2962,200590
11,12,CARACAS 2057,200589
9,13,HOMERO 1157,200637
9,13,JOSE ENRIQUE RODO 4431,200638
9,13,AVDA. BRUIX 4620,200640
9,13,PIO COLLIVADINO 436,200643
9,13,LACARRA 535,200644
9,13,LACARRA 621,200645
9,13,SAN PEDRO 4457,200635
9,13,GRAL. EUGENIO GARZON 4346,200634
10,13,RAFAELA 5159,200619
9,13,LACARRA 1135,200628
10,13,CNEL. RAMON L. FALCON 4801,200624
10,13,AVDA. JUAN BAUTISTA ALBERDI 4755,200625
8,13,AVDA. TTE. GRAL. DELLEPIANE 4750,200633
8,13,OLIDEN 2851,200629
9,13,ZINNY 1641,200623
8,13,ECHEANDIA 5650,200639
8,13,MIRALLA 2666,200627
9,13,SARAVIA 2358,200626
9,13,SAN PEDRO 5845,200632
9,13,CHASCOMUS 5598,200620
9,13,BRAGADO 5350,200631
9,13,LARRAYA 2055,200630
9,13,AVDA. LARRAZABAL 1556,200621
9,13,MANUEL ARTIGAS 5951,200622
9,13,ALBARIÑO 2062,200636
9,13,MURGUIONDO 1568,200642
9,13,ACASSUSO 6138,200655
9,13,ACASSUSO 5860,200641
15,14,AVDA. SAN MARTIN 5021,200677
15,14,GIRIBONE 1961,200685
15,14,NICASIO OROÑO 2131,200679
15,14,BALBOA 210,200680
15,14,LEIVA 4274,200682
15,14,AVDA. DEL CAMPO 1340,200683
11,14,CARACAS 2372,200678
15,14,AVDA. TRIUNVIRATO 3626,200686
15,14,CHARLONE 1525/1533,200699
15,14,COMBATIENTES DE MALVINAS 3002,200688
15,14,ROSETI 1450,200658
11,14,BOLIVIA 2569/2571,200676
15,14,COMBATIENTES DE MALVINAS 3234,200661
15,14,14 DE JULIO 546,200660
15,14,GIRARDOT 1946,200659
15,14,GRAL. MANUEL A. RODRIGUEZ 2332,200675
15,14,AVDA. JORGE NEWBERY 4436,200662
15,14,ESPINOSA 2547,200663
15,14,CASAFOUST 761,200664
15,14,FITZ ROY 171,200665
15,14,ALMTE. FRANCISCO J. SEGUI 2580,200666
15,14,MARTINEZ ROSAS 1364,200673
15,14,OTERO 271,200657
15,14,AVDA. DE LOS CONSTITUYENTES 3100,200674
15,14,AVDA. ELCANO 4861,200672
11,14,AVDA. ALVAREZ JONTE 1964,200669
15,14,JUAN AGUSTIN GARCIA 1511,200668
15,14,TEODORO GARCIA 3871,200684
15,14,AVDA. JORGE NEWBERY 3664,200667
15,14,OLLEROS 3621,200681
15,14,AVDA. FEDERICO LACROZE 3839,200671
13,14,GRAL. ENRIQUE MARTINEZ 1432,200670
15,15,CARBAJAL 4019,200722
15,15,ANDONAEGUI 1532,200723
15,15,BALLIVIAN 2329,200724
12,15,DR. PEDRO RIVERA 4151,200721
12,15,TRONADOR 4136,200728
12,15,AVDA. TRIUNVIRATO 4992,200726
12,15,VALDENEGRO 3523,200727
12,15,TRONADOR 4134,200728
12,15,QUESADA 4357,200729
12,15,DONADO 2083,200738
12,15,DONADO 2057,200737
12,15,ECHEVERRIA 5034,200708
12,15,JOSE PASCUAL TAMBORINI 3948,200720
12,15,MARIANO ACHA 2250,200719
12,15,AVDA. TRIUNVIRATO 5101,200703
12,15,AVDA. TRIUNVIRATO 4857,200704
12,15,MANUELA PEDRAZA 4548,200705
12,15,JURAMENTO 4849,200707
12,15,BUCARELLI 1950,200709
12,15,CAPDEVILA 3156,200710
12,15,VALDENEGRO 3525,200711
12,15,MARIANO ACHA 4452,200712
12,15,DEHEZA 4728,200713
12,15,TRONADOR 2861,200714
12,15,AVDA. TRIUNVIRATO 4247,200715
12,15,JOSE PASCUAL TAMBORINI 5324,200716
12,15,ARIAS 4763,200717
12,15,ROGELIO YRURTIA 5806,200718
12,15,AVDA. ALVAREZ THOMAS 3391,200706
11,16,OBISPO SAN ALBERTO 3370,200753
11,16,JOSE CUBAS 4440,200746
11,16,AVDA. LINCOLN 4325,200764
11,16,GABRIELA MISTRAL 3376,200754
11,16,MERCEDES 4966,200747
11,16,JOSE LEON CABEZON 3446,200744
11,16,FERNANDEZ DE ENCISO 4451,200740
11,16,AVDA. SAN MARTIN 6387,200741
15,16,CONDARCO 3984,200742
15,16,PEDRO MORAN 2899,200749
15,16,TERRADA 3983,200743
12,16,CERETTI 2035,200752
12,16,AVDA. GRAL. MOSCONI 2641,200765
12,16,NAHUEL HUAPI 5740,200745
12,16,OBISPO SAN ALBERTO 2379,200763
12,16,ARGERICH 5651,200762
12,16,CUENCA 5049,200761
12,16,AVDA. NAZCA 5168,200760
12,16,GRAL. JOSE GERVASIO DE ARTIGAS 5645,200751
12,16,FRANCO 2390,200759
12,16,AVDA. CRISOLOGO LARRALDE 5934,200750
12,16,VALLEJOS 2555,200755
12,16,MEDEYROS 3555,200756
12,16,GAVILAN 4246,200757
12,16,BAZURCO 2551,200758
12,16,IBERA 5734,200748
11,17,NUEVA YORK 4713,200785
11,17,TINOGASTA 5046,200787
11,17,MERCEDES 4002,200794
10,17,BAHIA BLANCA 2535,200789
11,17,PEDRO LOZANO 4250,200791
11,17,CONCORDIA 3555,200792
11,17,RICARDO GUTIERREZ 3246,200793
10,17,MANUEL PORCEL DE PERALTA 1437,200795
11,17,LASCANO 3840,200796
11,17,AVDA. FRANCISCO BEIRO 4418,200798
11,17,AVDA. SALVADOR MARIA DEL CARRIL 3650,200788
11,17,AVDA. SALVADOR MARIA DEL CARRIL 4957,200784
11,17,BAHIA BLANCA 4025,200801
11,17,CNEL. PEDRO CALDERON DE LA BARCA 3073,200773
11,17,NAVARRO 4344,200790
11,17,CNEL. RAMON LISTA 5256,200781
11,17,AV SALVADOR M. DEL CARRIL 4172,200780
10,17,TINOGASTA 5768,200779
11,17,AVDA. FRANCISCO BEIRO 4548,200771
11,17,BENITO JUAREZ 2702,200776
11,17,EMILIO LAMARCA 3379,200775
11,17,JULIO S. DANTAS 3260,200783
11,17,HELGUERA 3228,200769
11,17,ARGERICH 2849,200770
11,17,NOGOYA 2557,200772
11,17,JUAN AGUSTIN GARCIA 2755,200774
11,17,HELGUERA 2435,200777
11,17,BAIGORRIA 3169,200768
11,17,SANTO TOME 2836,200786
11,17,HELGUERA 3341,200782
11,17,PEDRO LOZANO 3056,200797
10,18,GUALEGUAYCHU 550,200822
10,18,MORON 4460,200825
10,18,AVDA. RIVADAVIA 9799,200809
10,18,YERBAL 4965,200810
9,18,CUZCO 220,200838
9,18,GALLARDO 149,200827
9,18,CUZCO 116,200821
10,18,ALEJANDRO MAGARIÑOS CERVANTES 5068,200832
10,18,GALLARDO 521,200823
10,18,CHIVILCOY 1820,200833
10,18,DR. LUIS BELAUSTEGUI 4949,200812
10,18,AVDA. LOPE DE VEGA 2150,200831
10,18,VIRGILIO 1980,200830
10,18,AVDA. ALVAREZ JONTE 5075,200829
10,18,SAN BLAS 5387,200828
10,18,MARTIN FIERRO 5351,200805
10,18,ARREGUI 4430,200826
10,18,AVDA. ALVAREZ JONTE 5081,200806
10,18,CAMARONES 4351,200814
10,18,SAN BLAS 4356,200834
10,18,AV GAONA 4763,200813
10,18,ARREGUI 6840,200815
10,18,AVDA. SEGUROLA 1104,200816
10,18,BRUSELAS 721,200817
10,18,AVDA. ALVAREZ JONTE 4651,200807
10,18,JUAN AGUSTIN GARCIA 5265,200819
9,18,BARRAGAN 366,200820
10,18,LASCANO 4044,200811
10,18,MARCOS PAZ 1732,200808
10,18,SANTO TOME 4529,200818
10,18,BRUSELAS 785,200817
4,19,AVDA. INTENDENTE FRANCISCO RABANAL 1507,200889
7,19,AVDA. VARELA 1802,200892
4,19,FERRE 1957,200872
7,19,AGUSTIN DE VEDIA 2519,200871
4,19,AVDA. INTENDENTE FRANCISCO RABANAL 1549,200870
4,19,MOM 2380,200865
8,19,AVDA. VARELA 2751,200868
7,19,CALLE S/NOMBRE 200 M COBO Y CURAPALIGUE,200855
4,19,TILCARA 3365,200845
4,19,QUILMES 484,200895
4,19,TILCARA 2856,200846
7,19,AVDA. RIESTRA 1850,200847
4,19,ALAGON 300,200844
4,19,AVDA. CASEROS 4050,200848
4,19,ECHAURI 1576,200849
4,19,QUILMES 473,200850
8,19,AVDA. INTENDENTE FRANCISCO RABANAL 2275,200851
8,19,CARLOS BERG 3460,200852
4,19,ANIBAL PEDRO ARBELETCHE 1052,200853
4,19,PJE. LA CONSTANCIA 2524,200854
4,19,ITAQUI 2050,200856
8,19,AVDA. INTENDENTE FRANCISCO RABANAL 2751,200857
8,19,PORTELA 3150,200858
8,19,AVDA. LAFUENTE 2670,200859
8,19,CORRALES 3420,200860
8,19,"PJE. L, E/LACARRA Y LAGUNA",200862
8,19,MARTINEZ CASTRO 3061,200863
8,19,CORRALES 3420 / 3450,200860
8,19,MARTINEZ CASTRO S/N  B° CARRILLO,200879
8,19,"PJE. L, E/LACARRA y LAGUNA",200869
8,20,AVDA. PIEDRA BUENA 3100 Y AVDA. EVA PERON,200923
8,20,GOLETA SANTA CRUZ 6997,200918
8,20,GOLETA SANTA CRUZ 6999,200918
8,20,MONTIEL 3826,200919
9,20,AVDA. LISANDRO DE LA TORRE 2288,200928
9,20,AVDA. EMILIO CASTRO 7680,200931
9,20,PILAR 1798,200926
9,20,CARHUE 2970,200922
9,20,PIERES 258,200940
9,20,MONTIEL 1174,200920
9,20,MONTIEL 153,200900
9,20,MURGUIONDO 1347,200917
9,20,MONTIEL 1041,200899
9,20,CNEL. RAMON L. FALCON 6702,200901
9,20,TANDIL 6690,200902
9,20,AVDA. EVA PERON 7431,200903
9,20,CARHUE 2157,200904
9,20,FONROUGE 346,200905
9,20,AVDA. LARRAZABAL 420,200906
9,20,IBARROLA 7249,200914
9,20,AVDA. CNEL. CARDENAS 2652,200908
10,20,GARCIA DE COSSIO 5570,200909
9,20,COSQUIN 1943,200910
9,20,AVDA. DE LOS CORRALES 7040,200911
9,20,AVDA. LISANDRO DE LA TORRE 550,200912
9,20,MARTINIANO LEGUIZAMON 1470,200913
9,20,MURGUIONDO 76,200915
9,20,GUAMINI 1167,200898
9,20,COSQUIN 3100,200916
9,20,AVDA. LISANDRO DE LA TORRE 1171,200907
8,21,CORONEL MARTINIANO CHILAVERT 6090,200979
8,21,AVDA. LARRAZABAL 5130,200965
8,21,SOLDADO DE LA FRONTERA 5155,200964
8,21,SOLDADO DE LA FRONTERA 5140,200966
8,21,CNEL. MARTINIANO CHILAVERT 5460,200963
8,21,NICOLAS DESCALZI 5425,200951
8,21,AVDA. PIEDRA BUENA 4863,200955
8,21,CAFAYATE 5115,200946
8,21,AVDA. LARRAZABAL 4051,200948
8,21,AVDA. RIESTRA 5030,200949
8,21,AVDA. LARRAZABAL 4520,200950
8,21,BERON DE ASTRADA 5920,200953
8,21,AVDA. LARRAZABAL 5001,200954
8,21,AQUINO 6040,200962
8,21,CAÑADA DE GOMEZ 4548,200956
8,21,CAFAYATE 5388,200957
8,21,BERON DE ASTRADA 6351,200958
8,21,"AVDA. CNEL. ROCA, PTA. 9, AUTODROMO",202683
8,21,SUMACA DE LA SANTISIMA TRINIDAD 5088,200960
8,21,FONROUGE 4211,200961
8,21,JOSE IGNACIO RUCCI 3961,200952
8,19,MARIANO ACOSTA 2976,200864
8,20,CAÑADA DE GOMEZ 3850,200927
4,4,PALOS (ALT APROX 100-200 PAR) Y JUAN M. BLANES,202135
12,16,JOSE CUBAS 2410,200766
4,19,MOM 2358,200865
8,13,BASUALDO 2850,200648
4,5,RIO CUARTO Y MONTESQUIEU,200281
3,6,ESTADOS UNIDOS 3141,200334
4,5,AVDA. SUAREZ 2123,200293
3,3,COCHABAMBA 2147,200163
8,19,"TENIENTE PRIMERO ROBERTO NÉSTOR ESTÉVEZ S/N, ENTRE CASTAÑARES Y SARAZA",202309
1,3,PIEDRAS 860,200148
14,9,BONPLAND 1324,200480
5,2,GUARDIA VIEJA 3950,200104
4,4,AVDA. REGIMIENTO DE PATRICIOS 1933,200214
4,4,AVDA. ALMTE. BROWN 473,200202
11,14,BOYACA 2152,200689
15,14,AVDA. CHORROARIN 305,200687
4,5,RIO CUARTO Y MONTESQUIEU,200281
12,15,BLANCO ENCALADA 4863,200730
9,13,OLIDEN 1245,200650
1,4,AVDA. PASEO COLON 1360,200984
4,4,CALIFORNIA 1851,200216
3,6,DEAN FUNES 1360,200333
1,4,BOLIVAR 1280,200222
5,6,DON BOSCO 4050,200989
9,13,FONROUGE 711,202204
6,6,COLPAYO 132,202379
4,4,AZOPARDO 1504,200201
10,17,SIMBRON 5821,202395
12,15,AVDA. CRISOLOGO LARRALDE 5085,202188
10,18,MORON 4149,200839
1,3,CHILE 1670,200147
13,10,AVDA. MIGUEL SANCHEZ 1338,200523
13,10,BLANCO ENCALADA 3483,202343
8,21,POLA Y JOSE BARROS PAZOS 5250,202178
3,3,AVDA. ENTRE RIOS 1349,200133
12,15,GARCIA DEL RIO 4559,202572
8,20,ZUVIRIA 6640,202387
8,19,JOSE BARROS PAZOS 3610,202562
6,7,YERBAL 25,200396
4,5,LOS PATOS 3004,202179
1,3,REPÚBLICA BOLIVARIANA DE VENEZUELA 753,200125
1,3,AVDA. INDEPENDENCIA Y CHACABUCO,202568
4,5,AVDA. SUAREZ 1851,200223
15,7,PADILLA 1051,200385
13,10,LA CACHILA 8631,200542
10,11,PERGAMINO 211,200562
10,17,JOSE PEDRO VARELA 5966,200795
10,18,CALDERON DE LA BARCA 1550,202695
8,19,PERGAMINO 3045,202180
8,13,AVDA. TTE. GRAL. DELLEPIANE Y AVDA. ESCALADA,200647
8,19,CNEL. MARTINIANO CHILAVERT 2680,200875
4,5,DIOGENES TABORDA 1096,202224
13,10,FRANKLIN ROOSEVELT 3060,200526
10,18,MIRANDA 4173,200836
8,21,MIRALLA 3838,200945
9,20,AVDA. EMILIO CASTRO 6603/6621,200930
4,19,AVDA. SAENZ 631,200886
1,4,PERU 946,202144
3,2,SAN LUIS 3224,200081
13,10,VUELTA DE OBLIGADO 3552,200501
12,10,ARIAS 3775,202194
5,6,CASTRO 954,200305
9,13,LACARRA 1151 Y AVDA. FRANCISCO BILBAO,201864
6,7,YERBAL 1548,200356
4,6,RONDEAU 2751,200312
8,19,CNEL. MARTINIANO CHILAVERT 2690,200887
4,5,RIO CUARTO Y MONTESQUIEU,200281
10,18,CNEL. PEDRO CALDERON DE LA BARCA 157,200810
7,19,CORONEL MARTINIANO CHILAVERT 1935,200871
3,1,RIOBAMBA 623,200023
2,1,PARAGUAY 1950,200029
1,1,LETONIA 1928,202678
11,17,DIAMANTE 2765,200776
11,17,GUTENBERG 3674,202310
8,19,MARIANO ACOSTA 2936,200873
8,20,GOLETA SANTA CRUZ 6999,200918
8,21,POLA Y JOSE BARROS PAZOS 5250,202178
8,21,POLA Y JOSE BARROS PAZOS 5250,202178
8,21,"AVDA. CNEL. ROCA, PTA. 9, AUTODROMO",202682
4,5,AVDA. MANUEL MONTES DE OCA 455,200226
12,15,AVDA. CRISOLOGO LARRALDE 5085,202188
12,15,AVDA. CRISOLOGO LARRALDE 5085,202188
8,21,AVDA. LARRAZABAL 5140,200965
4,4,PALOS (ALT APROX 100-200 PAR) Y JUAN M. BLANES,202564
9,13,ZELADA 6240,200736
12,16,JOSE CUBAS 2440,202602
2,1,PARAGUAY 1452,202384
12,15,AVDA. CRISOLOGO LARRALDE 5085,202188
3,6,SAN JUAN 3294,202566
4,5,LOS PATOS 3042,202389
4,5,LOS PATOS 3072,202394
8,19,MARTINEZ CASTRO 3085,202627
8,21,DR. ANTONIO BERMEJO 6675,202391
8,19,AVDA. RIESTRA 3300,202388
10,18,VICTOR HUGO 741,202385
8,21,"AVDA. CNEL. ROCA, PTA. 9, AUTODROMO",202430
10,17,SIMBRON 5855,202395
11,17,LASCANO 3810,202167
8,19,AVDA. GRAL. FERNANDEZ DE LA CRUZ 2615,202431
8,19,JOSE BARROS PAZOS 3620,202583
12,15,AVDA. CRISOLOGO LARRALDE 5085,202188
6,2,BACACAY 650,200398
8,20,ZUVIRIA 6620,202437
8,20,ZUVIRIA 6550,202584
4,4,AVDA. ALMTE. BROWN 373 Y CNEL. DE MARINA TOMAS ESPORA S/N,202450
5,6,CASTRO 1187,202571
1,3,AVDA. INDEPENDENCIA 755,202567
1,4,PERU 1357,202569
12,15,DR. PEDRO I. RIVERA 4221,202595
8,19,AVDA. GRAL FERNANDEZ DE LA CRUZ 3605,200874
8,21,DR. ANTONIO BERMEJO 6675,202391
12,15,BESARES 4333,202597
8,21,CNEL.MANUEL JOSE OLASCOAGA 5001,202596
4,4,WENCESLAO VILLAFAÑE 515,202613
9,20,MURGUIONDO 2265,202629
3,6,REPÚBLICA BOLIVARIANA DE VENEZUELA 3269,202635
8,21,FONROUGE 4358,202643
15,14,AVDA. CHORROARIN 365,202638
9,20,MURGUIONDO Y AVDA. DIRECTORIO,202655
1,1,CARLOS H. PERETTE y CALLE 10,202660
1,4,AVDA. CALABRIA Y ROSARIO VERA PEÑALOZA,202658
4,5,IRIARTE Y LAVARDÉN,200281
4,5,ANDRES FERREYRA 3705,202661
8,21,AVDA. GRAL F DE LA CRUZ Y AVDA. ESCALADA,202656
9,20,MONTE 7420,202659
9,20,MURGUIONDO 2151,202649
10,13,AVDA. JUAN BAUTISTA ALBERDI 4139,202662
1,4,PERU 1236,200199
1,1,CARAGUATÁ 2215  (Barrio 31),202134
1,1,ALPACA 2474 (Barrio 31),202772
9,20,MURGUIONDO 2251,202663
7,12,MORON 2453,202734
7,19,JOSE HERNANDEZ 800,200894
8,20,ZUVIRIA 6544,202584
4,5,LUNA 690,202667
4,5,SUAREZ 3110,202676
10,17,CNEL. RAMON LISTA 5448,202668
8,21,23 DE JUNIO 4155,202669
4,5,BRANDSEN 2570,200290
4,5,DR. RAMON CARRILLO 375,200266
12,16,BOLIVIA 5842,202735
8,21,AVDA. CASTAÑARES 6580,202685
4,5,LAGOS 2929,202684
8,20,ZUVIRIA 6590,202687
3,3,PICHINCHA 1152,202773
8,20,ZUVIRIA 6580,202737
12,15,HOLMBERG 2850,NA
9,20,AVDA. EVA PERON 7449,202779
4,5,ANDRES FERREYRA 3749,202774
3,1,TTE. GRAL. JUAN DOMINGO PERON 1818,NA
10,18,AV. GAONA Y SANABRIA,202681
7,11,TTE. CNEL. CASIMIRO RECUERO 2545,202736
4,5,SANTO DOMINGO 4050,202688
11,17,AVDA. ALVAREZ JONTE 3867,202732
4,5,USPALLATA 3325,202731
3,6,REPÚBLICA BOLIVARIANA DE VENEZUELA 3259,200332
3,6,CATAMARCA 342,202686
8,21,BLVD OLIMPICO JOSE BENJAMIN ZUBIAUR 4180,202689
4,4,ALVARADO 1961,201826
2,1,AVDA. LAS HERAS 2670,200063
5,2,AVDA. MEDRANO 162,201163
14,9,AVDA. SARMIENTO S/N,NA
1,4,BALCARCE 677,200990
5,8,CARLOS SPEGAZZINI 450,200432
13,9,DELGADO 769,200691
15,14,FRAGA 638,202339
2,2,GALLO 1340,200113
14,9,GODOY CRUZ 2320,202432
8,20,MARTINIANO LEGUIZAMÓN 2974,200937
5,6,MAZA 851,200331
2,1,PARAGUAY 1657,200057
3,6,PICHINCHA 467,201236
1,3,SOLIS 765,202172
14,9,TTE. BENJAMIN MATIENZO 1880,202146
5,2,AVDA. DÍAZ VELEZ 4093,200110
8,20,LUIS HERRERA 3460,201828
15,14,FRAGA 895,202215
7,19,MANZANA 9 CASA 337,NA
7,19,CASA 481 B. RIVADAVIA,NA
8,19,MARIANO ACOSTA 3650,201808
3,2,ECUADOR 261,202418
7,19,MANZANA 9 CASA 337 (PERITO MORENO Y VARELA - FRENTE PORTON 6 DE SAN LORENZO),NA
3,3,SARANDÍ 41,NA
