n_proyecto,proy,cui,escuela,direccion,intervenciones,estado,subestado,fuente,programa,ano_plan,avance_de_obra_real,dgar,inicio_obra,plazo_obra,ampliacion_plazo,fin_obra,ppto_estimado
x001,x047,200002,domingo faustino sarmiento,avda. pte. manuel quintana 31,acondicionamiento de fachadas/ adecuacion de supervision de1,en obra,en obra,f11,mejora edilicia,2023,63%,7/03/2022,1/12/2022,270,-,30/12/23,"$143.019.856,00"
x002,x022,200003,onesimo leguizamon,avda. santa fe 1510,"patios, freno de deterioro en las fachadas.",en obra,en obra,f11,mejora edilicia,2023,77%,1/12/2022,4/07/2023,240,NA,29/02/2024,"$72.051.211,52"
x003,x003,200010,presidente manuel quintana,lavalle 2386 / 2366,"impermeabilización en el patio descubierto y el local sanitario de 1° piso y el reemplazo de los desagües
cloacales en el sector; el mejoramiento sanitarios de alumnos/as presentes; ejecución de rampas que salven diversos desniveles existentes en la planta baja;  pintura y revoques en diversos locales interiores (espacios áulicos y circulaciones)
mejoramiento integral de los patios descubiertos del edificio. instalación eléctrica de baja tensión y de muy baja tensión.
",en obra,en obra,f11,mejora edilicia,2023,94%,19/08/2022,20/01/2023,210,NA,29/12/2023,"$112.421.946,96"
x004,x109,200016,esc. primaria común n° 21 angel gallardo,ayacucho 1849,finalizacion de obra instalacion electrica,en obra,en obra,f11,mejora edilicia,2023,0%,1/08/2023,29/11/2023,120,NA,28/03/2024,"$94.436.192,41"
x005,x031,200025,esc. tec. nº 19 alejandro volta de 01,lavalle 1681,"mejora edilicia, instalacion electrica completa",finalizado,finalizado,f11,mejora edilicia,2023,100%,9/06/2021,NA,300,-,-,"$81.733.907,89"
x006,x180,200026,esc.sup.de educ.artistica en danza aida victoria mastrazzi de 01,esmeralda 285 caf,"restauracion de fachadas, refacciones generales de cielorrasos, pisos, sala
de cooperadora y sala docente , inst eléctrica, sanitarios",en obra,en obra,f14,mejora edilicia,2023,50%,9/05/2022,6/09/2022,300,-,3/07/2023,"$63.582.703,57"
x007,x025,200029,esc. de com. nº 10 islas malvinas de 01,paraguay 1950,impermeabilizacion,en obra,neutralizada,f14 p37,mejora edilicia,2023,94%,13/10/2021,2/12/2022,210,-,30/06/2023,"$69.197.587,66"
x008,x066,200032,inst. de enseñanza sup en lenguas vivas juan r.fernandez de 01,pellegrini 1515,puesta en valor del sum y accesibilidad basica,en obra,en obra,f11,mejora edilicia,2023,56%,17/10/2022,1/03/2023,210,NA,31/01/2024,"$91.749.090,44"
x009,x008,200138,colegio nº 07 juan martin de pueyrredon de 03,chacabuco 922,refacción sanitarios y restauración de cubierta,en obra,en obra,f11,mejora edilicia,2023,61%,7/02/2023,15/07/2023,180,NA,11/1/2024,"$ 18.086.962,04"
x010,x032,200139,esc. de com. nº 05 jose de san martin de 03,avda. entre rios 757,"instalacion electrica completa, impermeabilizacion, mejoras varias en el edificio",en obra,neutralizada,f11,mejora edilicia,2023,61%,3/06/2021,22/12/2021,210,210,para rescindir,"$68.845.451,69"
x011,x035,200195,esc. tec. nº 01 ingeniero otto krause de 04,avda. paseo colon 650,instalacion electrica completa sector talleres,finalizado,neutralizada,f11,mejora edilicia,2023,60%,11/06/2021,-,180,-,-,"$51.950.043,85"
x012,x018,200251,jii nº 01 walt disney de 05,avda. caseros 1555,impermeabilización de techos,finalizado,finalizado,f11,mejora edilicia,2023,100%,28/02/2023,28/06/2023,150,NA,25/12/2023,"$27.798.016,73"
x013,x064,200253,esc. de com. nº 18 reino de suecia de 05,juan carlos gomez 253,"acondicionamiento inst electrica incendio, carpinteria arreglo de revoque y piso patio + adecuacion casa casero para re ubicación aula adecuacion pintura interior pasillos (dgmesc pintaria aulas ) y areas significantes  + patio y fachada",finalizado,finalizado,f11,mejora edilicia,2023,100%,7/07/2022,1/12/2022,180,NA,30/11/23,"$67.527.137,00"
x014,x146,200258,escuela tecnica nº 15 maipú,avda. martin garcia 874,obra nueva,en obra,neutralizada,f11,ampliacion,2023,70%,17/04/2019,-,730,-,neutralizada,"$158.458.673,65"
x015,x034,200259,ens nº 05 gral. martin miguel guemes de 05,arcamendia 743,"instalacion electrica completa, impermeabilizacion, restauracion de un sector de fachada",en obra,neutralizada,f11,mejora edilicia,2023,99%,20/09/2019,23/11/2021,365,75,neutralizada,"$61.355.906,77"
x016,x043,200261,jii nº 10 de 05,avda. gral. iriarte 3880,traslado de aulas modulares + adecuación y tendido elect,en obra,en obra,f11,ampliacion,2023,49%,18/11/2021,23/08/2022,240,-,-,"$34.094.710,78"
x017,x024,200300,olegario v andrade,24 de noviembre 1536,"accesibilidad, ascensor, instalacion electrica completa",en obra,neutralizada,f14 p37,mejora edilicia,2023,90%,5/08/2021,8/07/2022,240,NA,neutralizada,"$58.395.912,76"
x018,x079,200315,jose federico moreno,humberto iº 3171,"acondicionamiento  de acc basica, sanitarios , inst electrica e incendio, prov de agua , cielorraso   , carpinteria ,arreglo patio y  muros con sus revoques. pintura  y patio",en obra,en obra,f11,mejora edilicia,2023,14%,17/04/2023,1/09/2023,300,-,27/6/2024,"$205.148.895,05"
x019,x037,200322,esc. tec. nº 26 confederacion suiza de 06,jujuy 255,sanitarios. (fondos inet),finalizado,finalizado,f14,mejora edilicia,2023,100%,23/09/2022,-,120,-,-,"$13.441.665,36"
x020,x105,200324,ens en lenguas vivas nº 02 mariano acosta de 06,gral urquiza 277,casa de casero,en obra,en obra,f11,ampliacion,2023,42%,17/03/2023,1/09/2023,120,NA,30/12/2023,"$14.818.335,16"
x021,x061,200326,ens nº 08 pte. julio argentino roca de 06,carlos calvo 3150 - la rioja 1042,2 aulas de jardín. accesibilidad plena adecuacion pintura acceso y circulaciones. casa casero,en obra,en obra,f11,mejora edilicia,2023,3%,17/01/2023,15/09/2023,300,-,julio 31,"$ 125.052.938,19"
x022,x078,200354,francisco desiderio herrera,camargo 725,"acondicionamiento  de acc basica cubierta (nueva toda la cubierta del gym),inst electricidad,  incendio, cambio calera, prov agua , arreglos menores de revoques patio. pintura general.  mobiliario para guardado",en obra,en obra,f11,mejora edilicia,2023,49%,12/09/2022,15/05/2023,180,NA,28/02/2024,"$123.399.625,01"
x023,x189,200381,esc. tec. nº 09 ingeniero luis huergo de 07,gral. martin de gainza 1050,"impermeabilización de las azoteas, cubierta tipo shed de los talleres y
laboratorios. instalaciones eléctrica, sanitaria, contra incendio, termomecánica y la reparación –
puesta en norma del ascensor.",en obra,en obra,f11,mejora edilicia,2023,70%,12/08/2022,19/01/2023,330,-,28/2/24,"$405.359.455,00"
x024,x184,200396,esc. de educación media n° 01/07,yerbal 25 (natatorio),puesta en funcionamiento de la plieta y accesibilidad,en proyecto,en proyecto,f11,mejora edilicia,2023,NA,-,NA,NA,NA,NA,NA
x025,x118,200426,pi esc. de com. n° 19,doblas 1768,"polideportivo contempla la construcción de un volumen de apoyo y servicios, un área de cancha cubierta con estructura liviana de chapa y un área de cancha descubierta de verde que permite terreno absorbente en pulmón de manzana.
",en obra,en obra,f11,ampliacion,2023,50%,15/07/2022,20/01/2023,300,-,22/1/2024,"$104.310.536,00"
x026,x095,200427,liceo nº 02 amancio alcorta de 08,rivadavia 4950 - comedor,creacion de un comedor,en obra,en obra,f11,ampliacion,2023,37%,30/11/2022,1/06/2023,210,NA,28/02/2024,"$80.229.731,43"
x027,x058,200428,"instituto superior de educación física-""prof. federico williams dickens""",curapaligue 1150,"pintura, patios, electricidad",en obra,en obra,f11,mejora edilicia,2023,0%,13/06/2023,11/10/2023,240,NA,7/06/2024,"$ 236.690.811,52"
x028,x112,200441,esc. primaria común n° 02 australia,gurruchaga  739,instalacion electrica,en obra,en obra,f11,mejora edilicia,2023,0%,4/07/2023,1/11/2023,180,NA,29/04/2024,"$162.327.060,67"
x029,x108,200444,honorable congreso de la nacion,libertador 4777,electrica e incendio / amparo/ fin de obra rescindida,en obra,neutralizada,f11,mejora edilicia,2023,77%,19/01/2023,4/07/2023,90,NA,2/10/2023,"$16.554.167,31"
x030,x194,200469,instituto de formacion tecnica superior n°15,loyola 1500,rehabilitación y refuncionalización de espacios para un centro integral pedagógico de producción audiovisual,licitación,licitación,f11,mejora edilicia,2023,NA,15/09/2023,13/01/2024,180,NA,11/07/2024,"$106.896.537,04"
x031,x084,200496,casto munita,cuba 2039,"sanitarios, cubierta, carpinterias y pintura",en obra,en obra,f11,mejora edilicia,2023,45%,4/02/2023,1/08/2023,210,-,27/02/2024,"$131.838.373,32"
x032,x092,200498,escuela nº 4 coronel brandsen de 10,juana de azurduy 2541,"acond de sanitarios, prov de agua , carpinteria y pintura en areas sgnificativas",en obra,en obra,f11,mejora edilicia,2023,10%,2/02/2023,1/08/2023,300,-,30/7/24,"$78.540.321,55"
x033,x094,200502,alte. ramon gonzalez fernandez,mendoza 1000,accesibilidad plena. acondicionamiento / recambio de carpinterías y herrajes. subsanación de grietas en muros. revestimiento de toda la fachada (se retiró parte del revestimiento de ladrillo original por desprendimiento) / contrapiso a nuevo del patio del comedor / detector de intrusos (alarma / amparo,en obra,en obra,f11,mejora edilicia,2023,2%,14/02/2023,1/09/2023,300,NA,27/06/2024,"$172.314.108,54"
x034,x005,200510,republica dominicana,avda. congreso 3045,instalacion electrica completa,en obra,en obra,f11,mejora edilicia,2023,27%,24/04/2023,22/08/2023,150,x,19/1/2024,"$70.547.510,65"
x035,x098,200516,remedios de e.de san martin,roosevelt 1510,"accesibilidad plena (ascensor en patio de planta baja), reutilizacion pb para conformar un aula y acondicionar baño de discapacitado (no funciona griferia y falta timbre) / amparo",en obra,en obra,f11,mejora edilicia,2023,10%,2/02/2023,10/07/2023,240,NA,6/03/2024,"$53.535.914,92"
x036,x042,200519,cfp n° 07 de 10,ramsay 2250,"etapa 2022-23 adecuación de cubierta, instalación eléctrica",en obra,en obra,f11,mejora edilicia,2023,42%,11/05/2022,1/12/2022,180,-,30/11/2023,"$86.686.411,00"
x037,x077,200530,esc. técnica n° 28 república francesa,cuba 2410 - g1,"instalacion electrica y termomecanica, filtracion por cubierta.",en obra,en obra,f11,mejora edilicia,2023,0%,24/06/2023,22/10/2023,360,NA,16/10/2024,"$ 1.137.124.087,04"
x038,x110,200563,republica oriental del uruguay,carabobo 253,"instalacion electrica completa, instalacion contra incendios",en obra,en obra,f11,mejora edilicia,2023,35%,17/04/2023,15/08/2023,150,NA,12/01/2024,"$35.559.575,36"
x039,x091,200600,saturnino segurola,gral. venancio flores 3869,ampliación - rehabilitación parcial - instalación eléctrica,en obra,en obra,f11,ampliacion,2023,86%,3/02/2022,1/11/2022,300,-,30/12/23,"$78.558.808,00"
x040,x019,200601,padre castañeda,moron 3745,"acondicionamiento de cubierta, sanitarios, cocina  inst electrica gas, piso, cielorraso. arreglo de revoque patio. adecuacion pintura interior de areas significantes y",en obra,en obra,f11,mejora edilicia,2023,13%,2/12/2022,1/09/2023,270,NA,28/05/2024,"$127.099.297,01"
x041,x183,200607,esc. tec. nº 06 fernando fader de 12,la porteña 54 - yerbal 2750,"obra nueva, ampliación de la porteña 54  ( 9 aulas)",en obra,en obra,f11,ampliacion,2023,28%,29/08/2022,20/01/2023,390,-,30/3/24,"$346.164.000,00"
x042,x041,200629,jardin de infantes comun n° 01 d.e 13,oliden 2855,"etapa 2022-23 adecuación instalación eléctrica e incendio, accesibilidad básica con pintura en áreas significativas",en obra,en obra,f11,mejora edilicia,2023,73%,27/04/2022,1/12/2022,360,-,30/01/2024,"$133.214.002,08"
x043,x015,200643,esc. tec. nº 08 paula albarracin de sarmiento de 13,pio collivadino 436,"adecuación de sanitarios e incorporación del sanitario para personas con movilidad reducida.
restauración, conservación y tratamiento de prevención de las fachadas del edificio
reparación / recomposición de los revoques en paramentos interiores afectados por humedad de cimientos, cielorrasos armados de yeso y solados.
restauración de carpinterías y herrerías (puertas, ventanas, postigos, celosías y rejas de protección).
pintura general de paramentos interiores y cielorrasos de todos los locales del establecimiento
adecuación de instalación eléctrica a normativas vigentes, ejecución de instalación sanitaria nueva para los núcleos sanitarios, instalación pluvial.
reinstalación de cañerías de gas exteriores en el interior del edificio.
",en obra,en obra,f11,mejora edilicia,2023,15%,2/01/2023,1/08/2023,365,NA,31/08/2024,"$188.147.656,00"
x044,x119,200644,"escuela tecnica n° 17 d. e. 13 reg. vii ""brig. gral. cornelio saavedra""",lacarra 535,"área administrativa: sanitario del sector a nuevo. se colocara cielorrasos suspendidos en todo el área. se realizará una nueva inst. eléctrica. se pintara completamente todo el sector.en el edificio donde funciona el taller de electrónica, en planta baja: puesta en valor de los sanitarios de docentes, office, sanitarios de alumnos y taller de electrónica.
en la planta alta de este mismo edificio, puesta en valor del aula de computación y el pasillo a fin de dar respuesta a la salida de emergencia. en el taller de hormigón armado que se encuentra en otro sector de la escuela sobre planta baja, se dará intervención al sanitario existente de docentes y al patio descubierto.puesta en valor del sum y biblioteca. intervencion de cubiertas (membranas, asbesto, cambio de tejas y chapas,etc..)cambio de tanques e instalación eléctrica.",en obra,en obra,f11,mejora edilicia,2023,3%,25/04/2023,20/10/2023,360,NA,14/10/2024,"$296.246.046,16"
x045,x186,200647,esc. de educacion media n° 01/13° manuel mujica lainez - esc. de comercio n° 06 américa,escalada 2890,"construcción de 4 aulas modulares en steel frame, adecuaciones en: vivienda casero, sala profesores y preceptores.",en obra,en obra,f11,mejora edilicia,2023,NA,-,NA,NA,NA,NA,"$117.949.959,33"
x046,x004,200684,esc. tec. nº 32 gral jose de san martin de 14,teodoro garcia 3899,"instalacion electrica completa, instalacion contra incendios",en obra,en obra,f11,mejora edilicia,2023,26%,26/12/2022,1/07/2023,270,NA,30/05/2024,"$160.149.498,32"
x047,x107,200720,esc. primaria n° 22 feliz de azara,tamborini 3948 - plani,"sanitarios, revoques, patios y pintura.",en obra,en obra,f11,mejora edilicia,2023,90%,8/02/2023,22/06/2023,180,NA,19/12/2023,"$60.242.413,56"
x048,x033,200788,abel ayerza,avda. salvador maria del carril 3650,"restauración y puesta en valor de fachadas externas e internas (patio) -
restauración de revoques en general, cielorrasos, solados, cambio de cubierta
de tejas coloniales, reacondicionamiento de locales en 1º piso, instalaciones eléctricas , sanitarias y termomecánicas",en obra,neutralizada,f11,mejora edilicia,2023,90%,13/07/2021,22/02/2022,270,83,neutralizada,"$78.946.670,06"
x049,x040,200790,colegio nº 19 luis pasteur de 17,navarro 4344,"sanitarios, electricidad, accesibilidad y preceptoria",en obra,neutralizada,f11,mejora edilicia,2023,76%,15/10/2021,12/02/2022,180,90,neutralizada,"$51.114.898,96"
x050,x063,200794,esc. de educacion media n° 03/17° antonio devoto,mercedes 4002 - g1,", adecuacion de cubierta, pluviales, carpinteria. arreglo de revoques en aulas y patio. adecuacion pintura interior de areas significantes y patio. agregar sdf",en obra,en obra,f11,mejora edilicia,2023,0%,24/06/2023,22/10/2023,360,NA,16/10/2024,"$ 1.137.124.087,04"
x051,x051,200798,"esc.para niños,niñas,jovenes y adultos con discapacidad mental y formación integral nº 3 maria dolores navalies de tobar garcia de 17",avda. francisco beiro 4418,"cielorrasos, instalación iluminacion (taller de cerámica), puesta en valor y refuncionalizacion de la ex vivienda del casero y depositos en pb, carpinterías, instal elect, pintura",finalizado,finalizado,f11,mejora edilicia,2023,100%,24/11/2021,26/08/2022,180,-,-,"$35.284.539,66"
x052,x099,200801,biblioteca antonio devoto,bahia blanca 4025,"refuncionalizacion edilicia: casa del casero en oficinas de la supervision. accesibilidad basica, instalacion electrica completa, sanitaria y termomecanica.",en obra,en obra,f11,mejora edilicia,2023,14%,17/04/2023,20/08/2023,180,NA,16/02/2024,"$52.013.533,12"
x053,x218,200832,esc.sup.de educ. artistica en danza nº 2 jorge donn de 18,magariños cervantes 5068- sala tableros,construccion de sala de tableros para edesur,licitación,licitación,f11,mejora edilicia,2023,NA,15/08/2023,15/11/2023,60,-,14/01/2024,"$5.527.663,82"
x054,x298,200874,fernandez de la cruz,fernandez de la cruz 3605,conexion de instalacion de gas (medidor y conexion)+ habilitacion y puesta en marcha sistema de calefaccion,en obra,en obra,433,mejora edilicia,2023,0%,22/06/2023,27/07/2023,60,-,25/09/2023,"$2.000.280,09"
x055,x045,200916,jii n° 14 de 20,yrupe 6835,ampliación de nucleos sanitarios / ampliacion del comedor / instalacion electrica del jardin,en obra,en obra,f11,mejora edilicia,2023,27%,16/01/2023,1/09/2023,210,NA,29/04/2024,"$101.206.554,82"
x056,x093,200918,esc. integral interdisciplinaria n° 20 dra. alicia moreau de justo,2 de abril de 1982 n° 6950,"carpinterías, cubierta y pintura en areas significativas",en obra,en obra,f11,mejora edilicia,2023,0%,15/06/2023,13/10/2023,210,NA,10/05/2024,"$222.519.817,56"
x057,x187,200927,esc. de educacion media n° 02/20°,cañada de gomez 3859,incorporacion de dos aulas de steel frame y nucleo sanitarios. traslado de mastil.,en obra,en obra,f11,mejora edilicia,2023,NA,-,NA,NA,NA,NA,"$76.904.934,19"
x058,x076,200950,esc. primaria común n° 05 armada argentina,avda. larrazabal 4520 - g1,"instalación eléctrica completa, filtraciones, cambio de parasoles, pintura general",en obra,en obra,f11,mejora edilicia,2023,0%,24/06/2023,22/10/2023,360,NA,16/10/2024,"$ 1.137.124.087,04"
x059,x016,200953,esc. primaria común n° 09 hector panizza- jardín de infantes común n° 03/21° amalia figueredo,beron de astrada 5920,"adecuacion accesibilidad y electrica, incendio, pintura interior + ver cd patio",en proyecto,en proyecto,f11,mejora edilicia,2023,NA,-,NA,NA,NA,NA,NA
x060,x062,202179,escuela infantil nº 11 de 05,los patos 3004,"ampliacion de 2 salas con sus respectivos sanitarios (50 m2), un área gestión conformada por 4 oficinas y un comedor con una superficie de 106 m2.",en obra,en obra,f11,mejora edilicia,2023,3%,8/06/2023,6/10/2023,240,-,2/06/2024,"$98.594.743,81"
x061,x053,202188,escuela técnica 36 d.e. 15 - alte. brown,polo saavedra,"terminación vestuarios, pileta, sanitarios, estacionamiento, parquizado",en obra,en obra,f11,ampliacion,2023,44%,5/09/2022,20/01/2023,330,-,1/02/2024,"$429.716.900,00"
x062,x196,202437,polo piedrabuena,zuviria 6620/50 - polo piedrabuena,conexion de instalacion de gas (medidor y conexion)+ reemplazo de artefacto de cocina,en obra,en obra,433,mejora edilicia,2023,0%,24/05/2023,21/09/2023,60,NA,20/11/2023,"$4.500.000,00"
x063,x097,NA,"anexo - escuela especial n°18 ""cecilia maria estrada de cano"" - d. e. n°15 - comuna n° 15",alvarez thomas 2253,obra nueva / finalizacion obra rescindida,en obra,en obra,f11,mejora edilicia,2023,0%,1/08/2023,29/11/2023,330,NA,24/10/2024,"$ 125.082.770,42"
x064,x117,NA,estacion buenos aires primaria,estacion buenos aires primaria,"creacion de una escuela con 14 aulas comunes, 1 aula de música, 1 aula de
plástica, 1 aula laboratorio y un espacio para biblioteca.
además la escuela contara con un s.u.m. cubierto, comedor independiente para la
población de la escuela, cocina y el área de gestión administrativa completa.",en obra,en obra,f11,obra nueva,2023,2%,14/11/2022,14/03/2023,540,-,28/02/2025,"$1.001.385.400,90"
x065,x147,NA,escuela de danzas n°2,lope de vega y murature,obra nueva,en obra,en obra,f11,remplazo,2023,85%,3/06/2021,-,540,-,31/1/24,"$531.231.998,02"
x066,x185,NA,club daom,varela 1802   -daom,"cancha de futbol 5, sintetico, 8 luminarias, acceso independiente desde av varela.",en obra,en obra,f11,mejora edilicia,2023,NA,-,NA,NA,NA,NA,"$95.137.712,18"
x067,x188,NA,barrio 31 - indira gandhi,barrio 31 - indira gandhi,obra nueva primaria -ajustes por cambio de terreno-,en obra,en obra,f11,remplazo,2023,18%,23/09/2022,1/02/2023,450,-,4/4/2025,"$1.173.064.451,35"
x068,x089,200001,juan jose castelli,ayacucho 1680,"fachadas (cambio de carpinterias y parasoles), nucleos sanitarios,(aula jines) mudanza de una sala, pintura completa, instalacion electrica y sanitario. analizar instalacion termomecanica. red de proteccion en azotea.",en proyecto,en proyecto,f11,mejora edilicia,2024,NA,8/12/2023,6/04/2024,365,x,6/4/2025,"$993.814.391,10"
x069,x116,200006,centro educativo nº 31 padre carlos mugica,juncal 690 y basavilbaso 1295,"reparacion de cubiertas (inicial y primaria), acc basica (montasilla y baño de disca), pintura general - instalacion electrica de la inicial - sector de sombras inicial y primaria - solado de patio de la primaria e inicial - recambio de carpinterias y colocacion de rejas - evaluacion de instalacion sanitaria + ee: remediacion de rejas",en obra,en obra,f11,mejora edilicia,2024,0%,2/08/2023,30/11/2023,365,x,29/11/2024,"$629.566.069,49"
x070,x113,200080,del centenario,rio de janeiro 986,"acc. plena, pintura y adecuacion de instalacion electrica",en obra,en obra,f11,mejora edilicia,2024,0%,2/08/2023,30/11/2023,300,x,25/09/2024,"$138.330.209,66"
x071,x073,200088,presidente uriburu,avda. angel gallardo 246,"restauracion patrimonial,impermeabilizacion, cielorrasos, acondicionamiento instalaciones y  pintura patios",licitación,licitación,f11,mejora edilicia,2024,NA,29/11/2023,28/03/2024,270,x,23/12/2024,"$305.525.140,96"
x072,x083,200097,colegio nº 03 mariano moreno de 02,avda. rivadavia 3577,refuncionalización de sanitarios- restauracion de fachadas interiores y exteriores- cielorrasos ( cambio y/o restauración)- solados- restauracion de mansarda y vitreaux- instalacion electrica completa- adecuación de instalacion sanitaria. incendio y gas- y adecuación de subsuelo ( tratamiento de humedad),en proyecto,frenada,f11,mejora edilicia,2024,NA,NA,NA,NA,NA,NA,"$580.000.000,00"
x073,x311,200099,colegio nº 14 juan jose paso de 02,valentin gomez 3163,"accesibilidad basica, fisuras, reparacion de revoques, pintura general, carpinterias, adecuacion sanitarios, patios",planificado,planificado,f11,mejora edilicia,2024,NA,NA,NA,NA,NA,NA,NA
x074,x233,200101,ens nº 06 vicente lopez y planes de 02,guemes 3859,"plan mejora edif historica adecuacion  inst electrica , gas-calefaccion patio , cubierta , reparacion revoques y pintura en areas significativas",planificado,planificado,f11,mejora edilicia,2024,NA,NA,NA,NA,NA,NA,NA
x075,x199,200105,"polideportivo de la esc. normal superior nº7 ""jose maria torres""",sarmiento 4041,solado de madera del gimnacio y revoques,licitación,licitación,f11,mejora edilicia,2024,NA,17/08/2023,15/12/2023,150,x,13/05/2024,"$85.031.910,88"
x076,x065,200123,ei nº 02 mane bernardo de 03,chile 1626,"etapa 2022-23 adecuación de cubierta, patio, instalación eléctrica completa (amparo) y pintura",en proyecto,frenada,f11,mejora edilicia,2024,NA,7/08/2023,-,300,x,-,"$183.705.656,87"
x077,x254,200133,esc. primaria común n° 22 carlos pellegrini,entre rios 1341,"adecuacion  calefaccion, inst electrica , patio , muros ,cubierta, acesibilidad basica  , pintura en areas significativas, adecuacion cocina.",planificado,planificado,f11,mejora edilicia,2024,NA,NA,NA,NA,NA,NA,NA
x078,x023,200137,colegio nº 01 bernardino rivadavia de 03,san juan 1545,"se realizará la reparación de revoques, filtraciones y trabajos de pintura. instalación eléctrica completa.",licitación,licitación,f11,mejora edilicia,2024,NA,17/11/2023,16/03/2024,300,x,10/01/2025,"$329.759.445,02"
x079,x302,200141,nueva sede escuela esc. para niños y niñas con discapacidad mental n° 14 constancio c. vigil,estados unidos 1750 / independencia 668,"accesibilidad plena, instalacion electrica, calefaccion, sum, cocina, patios, pintura general",en proyecto,en proyecto,f11,mejora edilicia,2024,NA,13/02/2024,12/06/2024,210,-,8/01/2025,"$280.000.000,00"
x080,x206,200178,jii nº 01 quinquela martin de 04,gral. gregorio araoz de lamadrid 648,"ejecucion de a nuevo de patios de jardin, acceso, estructura y solado",licitación,licitación,f11,mejora edilicia,2024,NA,11/11/2023,26/12/2023,90,x,25/03/2024,"$27.536.291,07"
x081,x102,200179,gral. gregorio araoz de lamadrid,lamadrid 499,"historica. fachada, patio, instalacion electrica,carpinterias,sanitarios y pintura",en proyecto,en proyecto,f11,mejora edilicia,2024,NA,24/03/2024,22/07/2024,360,x,17/07/2025,"$630.000.000,00"
x082,x222,200186,escuela 22 d.e. 4 - dr. guillermo rawson,humberto 1° 343,"plan mejora de inst gas-calefaccion + cubierta , instalacion electrica, adecuacion sanitarios, reparacion revoques y pintura en areas significativas",en proyecto,en proyecto,f11,mejora edilicia,2024,NA,30/01/2024,29/05/2024,300,NA,25/3/2025,"$180.000.000,00"
x083,x227,200190,francisco p. moreno,jose aaron salmun feijoo 1073,plan mejora de patio + adecuacion pisos de madera+ muro con humedades+ carpinteria +prov agua+  inst electrica + y pintura en areas significativas. accesibilidad23,en proyecto,en proyecto,f11,mejora edilicia,2024,NA,14/02/2024,13/06/2024,360,-,8/06/2025,"$180.000.000,00"
x084,x231,200195,esc. tec. nº 01 ingeniero otto krause de 04,paseo colon 650,"accesibilidad. pintura. impermeabilización en sector de aulas. instalación eléctrica: terminar obra rescindida de instalación eléctrica de talleres. termo
. terminar la obra eléctrica rescindida (instalación eléctrica de los talleres). adecuación de instalación de gas. instalación sanitaria (vestuariso)",en proyecto,instalaciones,f11,mejora edilicia,2024,NA,25/02/2024,24/06/2024,360,NA,19/06/2025,NA
x085,x255,200233,republica de haiti,lafayette 1879,"adecuacion de patios , inst electrica y pintura, rejas de seguridad",planificado,planificado,f11,mejora edilicia,2024,NA,2/05/2024,30/08/2024,300,NA,26/06/2025,"$120.000.000,00"
x086,x043,200261,jii nº 10 de 05,avda. gral. iriarte 3880,traslado de aulas modulares + adecuación y tendido elect,en proyecto,en proyecto,f11,ampliacion,2024,NA,19/02/2024,18/06/2024,180,NA,15/12/2024,NA
x087,x258,200304,brig. gral. jose m. zapiola,urquiza 227,"historica. fachada, patio, instalacion electrica,carpinterias,sanitarios y pintura",planificado,planificado,f11,mejora edilicia,2024,NA,26/07/2024,23/11/2024,360,NA,18/11/2025,"$230.000.000,00"
x088,x020,200312,instituto bernasconi,rondeau 2751 - bernasconi,"freno de deterioro en fachadas exteriores e interiores, adecuación carpinteria",en obra,en obra,f11,mejora edilicia,2024,7%,2/02/2023,2/06/2023,720,NA,30/08/2025,"$305.717.923,68"
x089,x260,200312,esc. primaria común n° 04 enrique banchs - inst. f. f. bernasconi,rondeau 2751 - bernasconi,instalacion termomecanica,en proyecto,en proyecto,f11,mejora edilicia,2024,NA,10/02/2024,9/06/2024,360,NA,4/06/2025,"$900.000.000,00"
x090,x220,200328,"escuela para niños,niñas,jovenes y adultos con discapacidad mental y formacion integral nº 09 dr.luis r mac kay de 06",carlos calvo 3176,"plan mejora adecuacion aulas, revoques y carpinteria   + inst electrica  y pintura en areas significativas + accesibilidad plena",en proyecto,instalaciones,f11,mejora edilicia,2024,NA,6/02/2023,6/06/2023,300,x,1/4/2024,"$180.000.000,00"
x091,x241,200334,maestro jorge luis chinetti,estados unidos 3141/uriburu 876,"patios exteriore, sanitarios,  inst electrica , acond gas pintura y accesibilidad basica",planificado,a iniciar proyecto,f11,mejora edilicia,2024,NA,28/05/2024,25/09/2024,270,NA,22/06/2025,"$230.000.000,00"
x092,x104,200369,galicia,luis viale 1052,"demolicion completa de contruccion en patio y trabajos de retiro de asbesto, accesibilidad  basica, cambio de carpinterias y cubierta  de galeria y paso que da al patio, nuevo nucleo sanitario en donde funcionaba la sala de maestro y sanitario adjunto. demolicion de sanitarios en sum. demolicion de parrilla y armado de lugar para gimnacio.  puesta en valor de sanitarios existentes y sala de auxiliares. instalacion sanitaria (cambio de tanque bombeo) y adecuacion de instalacion electrica. refuncionalizar casa del casero: cambio de cielorraso, puesta en valor del santario, cambio de carpinterias. completamiento de medianera y arreglo de muro existente.",licitación,licitación,f11,mejora edilicia,2024,NA,10/10/2023,7/02/2024,300,x,3/12/2024,"$182.030.051,19"
x093,x082,200412,dr. jose maria ramos mejia,don bosco 4200,"accesibilidad plena, sanitarios, freno de deterioro en fachada y puesta en valor de carpinterias, pintura, incendio (a definir)",en proyecto,cyp,f11,mejora edilicia,2024,NA,23/01/2024,22/05/2024,300,x,18/3/2025,"$320.000.000,00"
x094,x017,200447,armenia argentina,arce 611,re ajuste aulas y ampliacion sala de 3. casa casero?,en obra,en obra,f11,mejora edilicia,2024,0%,5/07/2023,2/11/2023,120,x,29/07/2024,"$87.399.063,88"
x095,x006,200458,provincia del chubut,humboldt 742,instalacion electrica completa,en obra,en obra,f11,mejora edilicia,2024,5%,8/06/2023,6/10/2023,150,NA,4/03/2024,"$90.075.851,39"
x096,x085,200497,esteban echeverria,moldes 1858,"sanitarios, patios, cubierta (impermeabilizacion y arreglos de cubierta parabolica), cielorrasos, puesta en valor de escalera y aulas. ie completa. supervision (patios, solados, carpinterias, sanitarios y sellado de lucarnas).",licitación,licitación,f11,mejora edilicia,2024,NA,18/11/2023,17/03/2024,365,x,17/03/2025,"$631.454.737,75"
x097,x081,200500,manuel dorrego,besares 2990,"cubierta, carpinterias (madera, deterioradas), playon de acceso, puesta en valor sector original del edificio",planificado,planificado,f11,mejora edilicia,2024,NA,3/07/2024,31/10/2024,360,NA,26/10/2025,"$260.000.000,00"
x098,x086,200501,manuel j. garcia,avda. cabildo 3615,"sanitarios, impermeablizacion y pintura / ie completa",en proyecto,en proyecto,f11,mejora edilicia,2024,NA,25/02/2024,24/06/2024,270,NA,21/3/2025,"$280.000.000,00"
x099,x210,200504,joaquin maria cullen,11 de septiembre de 1888 3451,"historica, arreglo de carpinterias, fachadas, patios, ie completa, pintura y adecuacion de casa del casero. puesta en valor de sanitarios y fisuras varias. catalogacion",en proyecto,en proyecto,f11,mejora edilicia,2024,NA,14/01/2024,13/05/2024,240,x,8/01/2025,"$260.000.000,00"
x100,x071,200508,martin del barco centenera,roque perez 3545 (amparo),"amparo - accesibilidad plena (ascensor, baño de disca y reorganizacion de office, patio de jardin a pb). instalacion electrica completa. instalacion sanitaria.",licitación,licitación,f11,mejora edilicia,2024,NA,21/09/2023,19/01/2024,300,x,14/11/2024,"$483.820.568,13"
x101,x243,200509,provincia de santa fe,pico 2689,plan mejora edif cacciatore adecuacion de patio+ carpinteria  + inst electrica+  cubierta y pintura en areas significativas + polideportivo en terreno lindero. ver fachada ladrillos,planificado,a iniciar proyecto,f11,mejora edilicia,2024,NA,16/06/2024,14/10/2024,300,NA,10/08/2025,"$530.000.000,00"
x102,x301,200515,cornelio saavedra,pinto 3910,"cocina, comedor, cubieta adecuacion sanitarios y ampliacion nivel inicial. pintura integral",en proyecto,en proyecto,f11,mejora edilicia,2024,NA,28/02/2024,27/06/2024,270,NA,24/03/2025,"$180.000.000,00"
x103,x192,200528,escuelas tecnicas raggio de 10,libertador 8635,"accesibilidad: ejecución de ascensor y sala de maquina (exterior), adecuación de rampa existente y adecuación de sanitario pcd existente.
mejora edilicia: pintura de aulas de pb del edificio nuevo (pisos superiores dgmesc), revoque y pintura en circulación de edificio histórico pb y 1er piso. revoque, pintura y solados en circulación entre talleres. mejoras de marcos de carpinterías.
reja de seguridad con concertina superior en fuelle entre el pasadizo de ascensor y edificio existente. (para evitar que alguien ingrese por libertador y se esconda en ese espacio)
reja de seguridad corrediza para proteger sector de bicicletas. (se retira reja deteriorada con ubicación actual para generar el playón de acceso al ascensor)
mejoras en escalera exterior en taller de informática en área del fondo.( necesita pasamanos adecuados en ambos laterales, pintura de solado y reemplazo de cintas antideslizantes, ya que se han tropezado alumnos según se nos informó).
ampliación de taller de carpintería (ee timm), nueva aula en primer piso del taller.
instalaciones: eléctrica en sector histórico y termomecanica (unificar criterio de calefacción y/o refrigeración para el sector de aulas.)",licitación,licitación,f11,mejora edilicia,2024,NA,6/11/2023,5/03/2024,365,-,5/03/2025,"$1.028.769.718,40"
x104,x088,200568,hipolito bouchard,avelino diaz 2356,"evaluacion estructural de varias fisura (muros de aula, cocina y escaler). expte?
plan mejora de patio+muros+acond gas-electricidad+ sanitarios y pintura en areas significativaspatios amerita mejora en pisos y pintura. humedad ascendente en medianera de aulas y comedor. acondicionamiento de cielorrasos dela circulación del primer piso. acondicionamiento de instalacion electrica y termomecanica. acondicionamiento del sanitarios del piso 1. la accesibilidad si bien es básica amerita resolución de algunos desniveles internos en sus recorridos.",en proyecto,cyp,f11,mejora edilicia,2024,NA,17/12/2023,15/04/2024,270,x,10/1/2025,"$180.000.000,00"
x105,x209,200593,cnel. de marina leonardo rosales,mercedes 1405,espacio de sombra con impermeabilizacion,en obra,en obra,f11,mejora edilicia,2024,0%,3/08/2023,1/12/2023,120,x,30/03/2024,"$56.224.828,56"
x106,x101,200625,epc n° 07 recuerdos de provincia,ex yrurtia  - alberdi 4754,"completo o por etapas de obra / acondicionamiento de aulas, sanitarios y pintura general",planificado,planificado,f11,obra nueva,2024,NA,NA,NA,NA,NA,NA,NA
x107,x332,200638,pedro inchauspe,rodo 4431,instalacion electrica,planificado,planificado,f11,mejora edilicia,2024,NA,28/05/2024,25/09/2024,210,NA,NA,"$180.000.000,00"
x108,x235,200640,sara de elia de gimenez,bruix 4620,"adecuación de la instalación eléctrica. acondicionamiento de sanitarios. puesta en valor de carpinterías, parasoles y rejas. fisuras: reparación de mampostería y fisuras en aulas. patios: solados, muros, humedad ascendente. arreglo integral de patio de aire y luz. pintura general.",licitación,licitación,f11,mejora edilicia,2024,NA,7/11/2023,6/03/2024,240,x,1/11/2024,"$285.844.812,90"
x109,x181,200641,esc. de com. nº 32 jose leon suarez de 13,acassuso 5860 sede,"sede: sanitarios a nuevos, impermeabilizaciones, pintura (20mm), reparaciones varias, adecuacion de carpinterias, ie completa y cambio e canaletas y sesagues pluviales.",licitación,licitación,f11,mejora edilicia,2024,NA,11/11/2023,10/03/2024,270,x,5/12/2024,"$366.062.846,06"
x110,x181,200655,esc. de com. nº 32 jose leon suarez de 13,acassuso 6138 anexo,"anexo: solado de los balcones, bicicletero, cortinas roller, adecuacion en sala de musica, pintura y arreglo de fachada, reparacion de carpinterias, patio: demarcacion de canchas, pintura y cerco de alambre. refuncionalizacion de sala de tanque. ie completa.",licitación,licitación,f11,mejora edilicia,2024,NA,11/11/2023,10/03/2024,270,x,5/12/2024,"$366.062.846,06"
x111,x211,200661,enrique de vedia,combatientes de malvinas 3234,instalacion electrica,en obra,en obra,f11,mejora edilicia,2024,41%,15/05/2023,12/09/2023,150,x,9/02/2024,"$ 54.450.127,64"
x112,x059,200665,erminia brumana,fitz roy 171,"accesibilidad basica,  cubierta, pintura hall y patio. instalacion electrica completa",licitación,licitación,f11,mejora edilicia,2024,NA,18/10/2023,15/02/2024,240,x,12/10/2024,"$192.720.101,63"
x113,x021,200707,jorge angel boero,juramento 4849,inst electrica completa,en obra,en obra,f11,mejora edilicia,2024,1%,16/06/2023,14/10/2023,150,-,12/03/2024,"$107.941.827,74"
x114,x322,200711,esc primaria n°12 españa,valdenegro 3525,"intervención completa de fachadas de valdenegro, incluidas las del contrafrente sobre la calle miller y las caras interiores no contempladas en obra de ampliación nes, patios, reparación de humedades en mamposterías, acondicionamiento de patios, reparación de carpinterías, acondicionamiento de sanitarios de docentes, acondicionamiento de instalación de provisión de agua y reparacion de tanques ( sistema integral para ambas escuelas), revisión de cubiertas e instalación pluvial.
en media pintura general de los sectores requeridos que no hayan sido intervenidos por la obra de ampliación ni por sdf ejecutada por dgmesc.
en primaria pintura integral, acondicionamiento de instalación eléctrica y accesibilidad plena.
",planificado,planificado,f11,mejora edilicia,2024,NA,30/08/2024,15/04/2024,300,NA,10/1/2025,"$160.000.000,00"
x115,x257,200723,petronila rodriguez,andonaegui 1532,amplicacion,licitación,licitación,f11,mejora edilicia,2024,NA,20/09/2023,18/01/2024,365,30,16/2/2025,"$307.375.179,69"
x116,x321,200727,esc de comercio n°15 cecilia grierson,valdenegro  3523,"intervención completa de fachadas de valdenegro, incluidas las del contrafrente sobre la calle miller y las caras interiores no contempladas en obra de ampliación nes, patios, reparación de humedades en mamposterías, acondicionamiento de patios, reparación de carpinterías, acondicionamiento de sanitarios de docentes, acondicionamiento de instalación de provisión de agua y reparacion de tanques ( sistema integral para ambas escuelas), revisión de cubiertas e instalación pluvial.
en media pintura general de los sectores requeridos que no hayan sido intervenidos por la obra de ampliación ni por sdf ejecutada por dgmesc.
en primaria pintura integral, acondicionamiento de instalación eléctrica y accesibilidad plena.
",planificado,planificado,f11,mejora edilicia,2024,NA,29/08/2024,15/04/2024,300,NA,10/1/2025,"$90.000.000,00"
x117,x075,200729,"esc. para niños, niñas y jovenes con pluridiscapacidad motora nº 11 dr. aquiles gareiso de 15",quesada 4357,acondicionamiento de pisos y cielorraso. revision de instalacion electrica.  provisión de agua. arreglo de revoque en fachada internas. adecuacion de sanitarios. pintura completa. humedad de cimiento sobre medianera. intervencion casa del casero.,en obra,en obra,f11,mejora edilicia,2024,0%,27/07/2023,24/11/2023,240,NA,21/07/2024,"$169.388.578,60"
x118,x106,200746,gral maximo de zamudio,jose cubas 4440,"ie completa, accesibildiad (solo baño de discapacitados), impermeabilizacion, pintura y puesta envalor de casa del casero para uso administrativo.",licitación,licitación,f11,mejora edilicia,2024,NA,26/08/2023,24/12/2023,180,x,21/06/2024,"$133.643.145,39"
x119,x048,200755,gregoria matorras y del ser de san martin,vallejos 2555,"etapa i2020 adecuacion espacios aulicos y ampliacion comedor pintura, accesibilidad",en proyecto,en proyecto,f11,mejora edilicia,2024,NA,23/02/2024,22/06/2024,270,NA,19/03/2025,"$210.000.000,00"
x120,x223,200759,belisario roldan,franco 2390,plan mejora de  fachada+ patio+ carpinteria + sanitario + inst gas + inst electrica+ sanitario+ cubierta + revoques y pintura en areas significativas,planificado,planificado,f11,mejora edilicia,2024,NA,3/06/2024,1/10/2024,300,NA,28/7/2025,"$130.000.000,00"
x121,x237,200763,"escuela para niños, niñas, jóvenes y adultos con discapacidad mental y formación integral n° 21 - rosario vera peñaloza",obispo san alberto 2379,"plan mejora edif historico adecuacion fachada+ patio+ cielorraso+ carpinteria+ inst gas-calefaccion + inst electrica + acond sanitarios y prov de agua , reparacion revoques y pintura en areas significativas +accesibilidad plena",planificado,planificado,f11,mejora edilicia,2024,NA,13/06/2024,11/10/2024,330,NA,6/09/2025,"$270.000.000,00"
x122,x069,200777,jose ernesto galloni,helguera 2435,accesibilidad básica. puesta en valor de carpinterías (algunas sin vidrio de seguridad o policarbonato y elementos corroídos). adecuación de instalación eléctrica. acondicionamiento de la instalación de gas y termomecánic. arreglo de humedad y revoques. pintura,en proyecto,en proyecto,f11,mejora edilicia,2024,NA,9/12/2023,7/04/2024,210,x,3/11/2024,"$293.819.048,18"
x123,x378,200797,"esc. para niños, niñas, jóvenes y adultos con discapacidad mental y formación integral n° 02 domingo f sarmiento",pedro lozano 3056,impermeabilizacion parcial y pintura de cielorrasos. albañileria. reparacion de escaleras. humedad de cimientos.,en obra,en obra,f11,mejora edilicia,2024,0%,3/07/2023,31/10/2023,300,NA,NA,"$188.184.977,22"
x124,x246,200811,provincia de misiones,lascano 4044,"adecuacion de patios, arreglo de muros, istalacion de gas y electrica, sanitarios, accesibilidad basica y pintura",en proyecto,en proyecto,f11,mejora edilicia,2024,NA,3/01/2024,2/05/2024,270,NA,27/01/2025,"$180.000.000,00"
x125,x215,200856,presbitero alberti,itaqui 2050 / charrua 2850,"instalacion electrica, termo, patio (arreglo de sus carpintrerias y muros), fachadas, sellado de lucarnas y pintura",en proyecto,instalaciones,f11,mejora edilicia,2024,NA,17/01/2024,16/05/2024,330,NA,11/04/2025,"$300.000.000,00"
x126,x329,200859,jic n° 08/19°,avda. lafuente 2670,NA,planificado,planificado,f11,mejora edilicia,2024,NA,25/08/2024,23/12/2024,330,NA,18/11/2025,NA
x127,x255,200873,avda. salvador maría del carril 4957 y lastra,polideportivo lastra,"plan mejoras, solados, canchas, adecuacion sanitarios, cubiertas y pintura",planificado,planificado,f11,ampliacion,2024,NA,24/05/2024,21/09/2024,360,x,16/9/2025,NA
x128,x217,200892,jii nº 14 de 19,varela 1802   -daom,instalacion de gas,licitación,licitación,f11,mejora edilicia,2024,NA,29/09/2023,15/01/2024,120,NA,14/05/2024,"$38.186.303,88"
x129,x212,200906,jose maria torres,avda. larrazabal 420,instalacion electrica,en obra,en obra,f11,mejora edilicia,2024,5%,27/07/2023,24/11/2023,150,NA,22/4/2024,"$105.886.263,20"
x130,x304,200922,cfp nº 04 de 20,carhue 2970,"mejora de estructura, reparacion de fisuras, revoques y pintura, accesibilidad",planificado,planificado,f11,mejora edilicia,2024,NA,14/08/2024,12/12/2024,300,NA,8/10/2025,"$90.000.000,00"
x131,x234,200949,provincia de tucuman,riestra 5030,"plan mejora en   adecuacion   cocina , comedor ,  cubierta  y reparacion revoques y pintura en areas significativas + evaluacion estado polideportivo.",planificado,planificado,f11,mejora edilicia,2024,NA,5/06/2024,3/10/2024,330,NA,29/08/2025,"$160.000.000,00"
x132,x297,200950,armada argentina,fangio - larrazabal 4520,terreno propio sobrante escuela larrazabal ex beron de astrada 6351,planificado,planificado,f11,remplazo,2024,NA,NA,NA,NA,NA,NA,NA
x133,x080,200962,esc. de com. nº 12 juan xxiii de 21,aquino 6040 - region v,"instalacion electrica completa, remodelacion de nucleo sanitario en pb y nucleos sanitarios a nuevos en 1 y 2 piso. accesibilida plena (ascensor, solado rampante en gym y baño de disca en 2 piso). ampliacion de 4 aulas (3 jin). pintura. calefaccion.",licitación,licitación,f11,mejora edilicia,2024,NA,27/10/2023,1/04/2024,360,x,31/1/2025,"$569.636.899,00"
x134,x103,201864,esc. de educ. media nº 02 de 13,lacarra 1151 y avda. francisco bilbao,"fachadas exteriores (desprendimiento de pintura y revoques), humedad en subsuelo y levantamiento de solado, aulas en mal estado (placas de cielorraso faltantes, pinturas con grafitis), patio cubierto con filtración por cubierta de vidrio. baños: filtración, faltante de cerámicos y artefactos de luz. pintura en general.",licitación,licitación,f11,mejora edilicia,2024,NA,30/10/2023,27/02/2024,330,x,22/01/2025,"$270.975.545,54"
x135,x053,202188,escuela técnica 36 d.e. 15 - alte. brown,polo saavedra,reja,en proyecto,cyp,f11,ampliacion,2024,NA,5/01/2024,4/05/2024,90,x,2/08/2024,NA
x136,x090,202391,jii nº 14 de 21,dr. antonio bermejo 6675 -modulares,adaptacion de modulares en un cfp / acceso independiente / cambiar sanitarios / instalaciones/ aula,en obra,en obra,f11,mejora edilicia,2024,10%,26/06/2023,24/10/2023,180,NA,21/04/2024,"$47.092.855,21"
x137,x100,202669,villa olimpica,villa olimpica - villa olimpica - jose benjamin zubiaur 4180,"sistema de alarma primaria, limpieza de terreno y cortinas. ver posibilidad de incorporar mas tareas.",en obra,en obra,f11,mejora edilicia,2024,0%,17/06/2023,1/11/2023,300,x,27/08/2024,"$414.271.095,70"
x138,x300,202669,villa olimpica,villa olimpica - villa olimpica - 23 de junio 4155,"sistema de alarma primaria, limpieza de terreno y cortinas. ver posibilidad de incorporar mas tareas.",licitación,licitación,f11,mejora edilicia,2024,NA,17/06/2023,1/11/2023,300,x,27/08/2024,"$414.271.095,70"
x139,x193,NA,maternidad sarda,la rioja 1945 - reemplazo maternidad sarda,obra nueva reemplazo maternal e inicial,en proyecto,en proyecto,f11,remplazo,2024,NA,30/03/2024,28/07/2024,540,-,19/01/2026,"$700.000.000,00"
x140,x262,NA,parque de la ciudad,parque de la ciudad -  avda. f.f. de la cruz s/n,"pileta, rejas, provision de cable y parquizacion",licitación,licitación,f11,mejora edilicia,2024,NA,31/08/2023,29/12/2023,120,x,27/04/2024,"$95.772.377,60"
x141,x308,NA,NA,polideportivo lascano x2,"adecuacion de playon polideportivo para primaria y media sobre terreno lateral y relleno de pileta existente en sector inicial para patio exterior, instalacion electrica exterior pintura de canchas",planificado,planificado,f11,mejora edilicia,2024,NA,4/09/2024,2/01/2025,NA,NA,NA,NA
x142,x312,NA,compra abierta,reparacion de cubiertas,plan integral de mejora en cubiertas plan 54,planificado,planificado,f11,mejora edilicia,2024,NA,NA,NA,NA,NA,NA,NA
x143,x313,NA,compra abierta,reparacion de fachadas,plan integral de mejora en fisuras en fachadas plan 54,planificado,planificado,f11,mejora edilicia,2024,NA,NA,NA,NA,NA,NA,NA
x144,x379,NA,polo mugica,letonia y avda. antártida argentina,"reparacion de filtraciones, revestimientos",planificado,a iniciar proyecto,f11,mejora edilicia,2024,NA,8/04/2024,6/08/2024,240,NA,3/04/2025,NA
x145,x307,200007,escuela primaria común n° 07 - presidente roca,libertad 581 - 2 etapa,"reparacion de revoques, pintura de sector no incluido en pliego",planificado,planificado,f11,mejora edilicia,2025,NA,29/11/2024,29/03/2025,360,NA,24/03/2026,NA
x146,x068,200009,familia de cabezon,tte. gral. juan domingo peron 1140,"adecuacion de cubierta , sanitario ,electricidad , cielorraso , carpinteria.  arreglo de revoques  en aulas y patio .   adecuacion pintura interior de areas significantes  y patio",planificado,planificado,f11,mejora edilicia,2025,NA,NA,NA,NA,NA,NA,NA
x147,x336,200086,supervisión de nivel primaria de 02,avda. pueyrredon 630,adecuacion de pileta y sus instalaciones plan mejora de patio+muros+acond gas-electricidad+ sanitarios y pintura en areas significativas,planificado,planificado,f11,mejora edilicia,2025,NA,NA,NA,NA,NA,NA,NA
x148,x337,200093,tomas manuel de anchorena,dr. tomas manuel de anchorena 855,"adecuacion de sanitarios, pintura, instalacion electrica e incendio",planificado,planificado,f11,mejora edilicia,2025,NA,NA,NA,NA,NA,NA,NA
x149,x380,200094,NA,jean jaures 870,NA,planificado,planificado,NA,mejora edilicia,2025,NA,NA,NA,NA,NA,NA,NA
x150,x327,200106,esea en danza ramicone curso vocacional de folklore n° 10,bulnes 45,NA,planificado,planificado,f11,mejora edilicia,2025,NA,NA,NA,NA,NA,NA,NA
x151,x310,200142,centro integrador almafuerte,avda. san juan 2128,"pintura general, adecuacion sanitarios, cubiertas, accesibilidad basica, ampliacion sector polideportivo",planificado,planificado,f11,mejora edilicia,2025,NA,NA,NA,NA,NA,NA,NA
x152,x381,200144,NA,av. larrazabal 5130,NA,planificado,planificado,NA,mejora edilicia,2025,NA,NA,NA,NA,NA,NA,NA
x153,x228,200177,carlos della penna,braun menendez 260/manuel galvez 156,"impermeabilización de azoteas. reparación de carpinterías existentes del primer piso con problemas de oxidación. pintura de rejas en planta alta, nivel a y b. reparaciones en fachadas de patio interno en planta baja:pintura y limpieza. intervención de solados – mal estado. demolición de mesadas en dos aulas del nivel inicial. provisión y colocación de bicicletero en el acceso del edificio. trabajos varios de jardinería en canteros. accesibilidad: provisión y colocación de ascensor para comunicar la planta baja y primer piso. ejecución de rampa para salvar un desnivel entre primer piso y la azotea.",planificado,planificado,f11,mejora edilicia,2025,NA,NA,NA,NA,NA,NA,NA
x154,x250,200187,presidente derqui,california 1925,"plan mejora en   adecuacion   inst electrica , patio , muros ,carpinteria  y  pintura en areas significativas",planificado,planificado,f11,mejora edilicia,2025,NA,NA,NA,NA,NA,NA,NA
x155,x225,200197,esc.sup.de edu. artistica en artes visuales manuel belgrano,w villafañe 1342,"plan mejora en   adecuacion   inst electrica , patio , muros ,carpinteria, sanitarios, cubierta  y  pintura en areas significativas",planificado,planificado,f11,mejora edilicia,2025,NA,NA,NA,NA,NA,NA,NA
x156,x315,200214,eem n° 02/04° e.reingreso,avda. regimiento de patricios 1933,NA,planificado,planificado,f11,mejora edilicia,2025,NA,NA,NA,NA,NA,NA,NA
x157,x382,200236,NA,cachi 77,NA,planificado,planificado,NA,mejora edilicia,2025,NA,NA,NA,NA,NA,NA,NA
x158,x309,200246,miguel de azcuenaga,pichincha 1873,"fachadas, pintura general, adecuacion sanitarios, patios, instalacion electrica y calefaccion",planificado,planificado,f11,mejora edilicia,2025,NA,NA,NA,NA,NA,NA,NA
x159,x383,200249,NA,prof. dr. pedro chutro 3380,NA,planificado,planificado,NA,mejora edilicia,2025,NA,NA,NA,NA,NA,NA,NA
x160,x384,200254,NA,av. montes de oca 121,NA,planificado,planificado,NA,mejora edilicia,2025,NA,NA,NA,NA,NA,NA,NA
x161,x240,200295,esc. primaria común n° 02 josé maria gutiérrez,la rioja 1846,"muros, patio, carpinteria, inst electrica, prov agua, acc basica y pintura. catalogacion?",planificado,planificado,f11,mejora edilicia,2025,NA,NA,NA,NA,NA,NA,NA
x162,x331,200318,liceo nº 10 ricardo rojas de 06,avda. jujuy 150,"fachadas, reparacion de humedad de cimientos, carpinterias, pintura general, adecuacion de instalacion electrica y reparacion fltraciones",planificado,planificado,f11,mejora edilicia,2025,NA,NA,NA,NA,NA,NA,NA
x163,x385,200322,NA,av. jujuy 255,NA,planificado,planificado,NA,mejora edilicia,2025,NA,NA,NA,NA,NA,NA,NA
x164,x386,200332,NA,venezuela 3259,NA,planificado,planificado,NA,mejora edilicia,2025,NA,NA,NA,NA,NA,NA,NA
x165,x387,200344,NA,av boedo 1935,NA,planificado,planificado,NA,mejora edilicia,2025,NA,NA,NA,NA,NA,NA,NA
x166,x338,200353,tomasa de la quintana de escalada,avda. corrientes 5332,"plan mejora en   fachad , medianeras, adecuacion   inst electrica , patio , muros ,carpinteria, sanitarios, cubierta  y  pintura en areas significativas",planificado,planificado,f11,mejora edilicia,2025,NA,NA,NA,NA,NA,NA,NA
x167,x247,200376,esc. de com. nº 16 gabriela mistral de 07,julian alvarez 123,instalación electrica y pintura,planificado,planificado,f11,mejora edilicia,2025,NA,NA,NA,NA,NA,NA,NA
x168,x388,200381,NA,gral. martin de gainza 1050,NA,planificado,planificado,NA,mejora edilicia,2025,NA,NA,NA,NA,NA,NA,NA
x169,x389,200407,NA,av. la plata 623,NA,planificado,planificado,NA,mejora edilicia,2025,NA,NA,NA,NA,NA,NA,NA
x170,x390,200410,NA,av. pedro goyena 984,NA,planificado,planificado,NA,mejora edilicia,2025,NA,NA,NA,NA,NA,NA,NA
x171,x245,200430,"esc. para niños, niñas y jovenes con discapacidad visual nº 33 santa cecilia de 08",senillosa 650,plan mejora de patio+terrazas +acond sanitarios+ prov agua+acc plena+ electrica y pintura en areas significativas,planificado,planificado,f11,mejora edilicia,2025,NA,NA,NA,NA,NA,NA,NA
x172,x236,200461,jardín de infantes común n° 02/09° granaderos de san martín,libertador 4903,adecuacion de fachada+  patios + muros+carpinterias+   inst electrica + inst gas-calefacc y pintura en areas significativas evaluar posible mejora en pileta -instalaciones-. catalogación.,planificado,planificado,f11,mejora edilicia,2025,NA,NA,NA,NA,NA,NA,NA
x173,x391,200474,NA,nicaragua 5732,NA,planificado,planificado,NA,mejora edilicia,2025,NA,NA,NA,NA,NA,NA,NA
x174,x368,200475,esc. para niños y niñas con severos trastornos de la personalidad n° 17 arminda aberastury,scalabrini ortiz 2760 - reemplazo cordoba,NA,planificado,planificado,f11,mejora edilicia,2025,NA,NA,NA,NA,NA,NA,NA
x175,x348,200476,esc. para niños y niñas con discapacidad mental n° 25 macacha güemes,güemes 4059,NA,planificado,planificado,f11,mejora edilicia,2025,NA,NA,NA,NA,NA,NA,NA
x176,x392,200521,NA,conesa 1855,NA,planificado,planificado,NA,mejora edilicia,2025,NA,NA,NA,NA,NA,NA,NA
x177,x096,200523,inst. superior de educación física n° 01 dr. enrique romero brest,natatorio romero brest -avda. miguel sanchez 1050,adecuacion de pileta y sus instalaciones plan mejora de patio+muros+acond gas-electricidad+ sanitarios y pintura en areas significativas,planificado,planificado,f11,mejora edilicia,2025,NA,NA,NA,NA,NA,NA,NA
x178,x224,200523,inst. sup. de ed. fisica nº 01 dr.enrique romero brest de 10,miguel sanchez 1050,"plan mejora en   adecuacion   inst electrica, gas  , patio , muros ,carpinteria, sanitarios, cubierta  y  pintura en areas significativas",planificado,planificado,f11,mejora edilicia,2025,NA,NA,NA,NA,NA,NA,NA
x179,x333,200526,pi el mundo del revés,avda. monroe 3061,NA,planificado,planificado,f11,mejora edilicia,2025,NA,NA,NA,NA,NA,NA,NA
x180,x325,200527,esc. de educ. media nº 05 heroes de malvinas de 10,avda. cramer 2136,"adecuacion sanitarios, pintura integral donde no se hizo sdf, mejora de cubierta en sum y patio",planificado,planificado,f11,mejora edilicia,2025,NA,NA,NA,NA,NA,NA,NA
x181,x393,200565,NA,gral. eugenio garzon 3950,NA,planificado,planificado,NA,mejora edilicia,2025,NA,NA,NA,NA,NA,NA,NA
x182,x330,200579,jin a de 11 baldomero fernandez moreno (esc.prim.n°21de11),mariano acosta 1071,"adecuacion de sanitarios, pintura, instalacion electrica e incendio",planificado,planificado,f11,mejora edilicia,2025,NA,NA,NA,NA,NA,NA,NA
x183,x394,200585,NA,caracas 10,NA,planificado,planificado,NA,mejora edilicia,2025,NA,NA,NA,NA,NA,NA,NA
x184,x365,200590,esc. primaria común n° 07 jorge newbery - jardín de infantes nucleado b (epcjs 07/12°),san blas 2962,"plan mejora en   adecuacion   inst electrica, cielorraso  , patio , muros ,carpinteria, cubierta  y  pintura en areas significativas",planificado,planificado,f11,mejora edilicia,2025,NA,NA,NA,NA,NA,NA,NA
x185,x339,200610,esc. para jóvenes y adultos con discapacidad mental y formación integral n° 16 dra. c tobar garcía,camarones 3559,NA,planificado,planificado,f11,mejora edilicia,2025,NA,NA,NA,NA,NA,NA,NA
x186,x342,200620,jin b (epcjc 02/13°),chascomus 5598,NA,planificado,planificado,f11,mejora edilicia,2025,NA,NA,NA,NA,NA,NA,NA
x187,x395,200624,NA,cnel. ramon l. falcon 4801,NA,planificado,planificado,NA,mejora edilicia,2025,NA,NA,NA,NA,NA,NA,NA
x188,x358,200627,epc n° 09 homero manzi,miralla 2666,NA,planificado,planificado,f11,mejora edilicia,2025,NA,NA,NA,NA,NA,NA,NA
x189,x299,200633,republica argentina,dellepiane 4750 / castañares 4689,"adecuacion de instalacion electrica, cubiertas y carpinterias",planificado,planificado,f11,mejora edilicia,2025,NA,NA,NA,NA,NA,NA,NA
x190,x221,200642,liceo nº 08 esteban echeverria de 13,murguiondo 1568,"plan mejora en   adecuacion  patio, inst gas-calefaccion ,electricidad  y  pintura en areas significativas",planificado,planificado,f11,mejora edilicia,2025,NA,18/06/2024,16/10/2024,270,NA,13/7/2025,NA
x191,x253,200658,epc n° 02 gral. mariano acha,roseti 1450,"plan mejora en   adecuacion   cocina , comedor ,  cubierta  y reparacion revoques y pintura en areas significativas + evaluacion estado polideportivo. acustizar comedor.",planificado,planificado,f11,mejora edilicia,2025,NA,NA,NA,NA,NA,NA,NA
x192,x328,200669,fray justo santa maria de oro,alvarez jonte 1964,"cubiertas, pintura general, carpinterias, humedad ascendente, inst agua, adecuacion electrica y ademas ver informe ingeniero sobre posible ampliacion",planificado,planificado,f11,mejora edilicia,2025,NA,NA,NA,NA,NA,NA,NA
x193,x396,200676,NA,bolivia 2569,NA,planificado,planificado,NA,mejora edilicia,2025,NA,NA,NA,NA,NA,NA,NA
x194,x397,200689,NA,boyaca 2152,NA,planificado,planificado,NA,mejora edilicia,2025,NA,NA,NA,NA,NA,NA,NA
x195,x303,200715,esc. primaria común n° 16 ejército de los andes,av. triunvirato 4247,reparacion de cubierta (fondos covid),planificado,planificado,f11,mejora edilicia,2025,NA,NA,NA,NA,NA,NA,NA
x196,x306,200728,escuela de educación media n° 05/15°,tronador 4134,"reparación de humedad de cimientos, reparación de las mamposterías afectadas y pintura integral. impermeabilización de cubiertas, en sector con filtraciones y respiración de cielorrasos.
acondicionamiento de baños",planificado,planificado,f11,mejora edilicia,2025,NA,NA,NA,NA,NA,NA,NA
x197,x229,200745,dr luis pasteur,nahuel huapi 5740,"adecuacion  inst  gas-calefaccion, patio , muros ,cubierta, acesibilidad basica, pintura  + salida independiente para inicial",planificado,planificado,f11,mejora edilicia,2025,NA,NA,NA,NA,NA,NA,NA
x198,x398,200747,NA,mercedes 4966,NA,planificado,planificado,NA,mejora edilicia,2025,NA,NA,NA,NA,NA,NA,NA
x199,x399,200747,NA,mercedes 4966,NA,planificado,planificado,NA,mejora edilicia,2025,NA,NA,NA,NA,NA,NA,NA
x200,x349,200769,epc n° 02 prof. juan jose millan,helguera 3228,"adecuacion de sanitarios, pintura, cubierta, electrica",planificado,planificado,f11,mejora edilicia,2025,NA,NA,NA,NA,NA,NA,NA
x201,x400,200770,NA,argerich 2849,NA,planificado,planificado,NA,mejora edilicia,2025,NA,NA,NA,NA,NA,NA,NA
x202,x401,200773,NA,cnel. pedro calderon de la barca 3053,NA,planificado,planificado,NA,mejora edilicia,2025,NA,NA,NA,NA,NA,NA,NA
x203,x402,200784,NA,av. salvador maria del carril 4957,NA,planificado,planificado,NA,mejora edilicia,2025,NA,NA,NA,NA,NA,NA,NA
x204,x263,200807,monte castro,avda. alvarez jonte 4651,"plan mejora cubiertacon impermeabilizacion, pintura y reparacion de revoques y cielorrasos, acondicionamiento de instalacion electrica y calefaccion",planificado,planificado,f11,mejora edilicia,2025,NA,NA,NA,NA,NA,NA,NA
x205,x403,200810,NA,yerbal 4965,NA,planificado,planificado,NA,mejora edilicia,2025,NA,NA,NA,NA,NA,NA,NA
x206,x346,200827,colegio n° 13 cnel. tomas espora,gallardo 149,"instalacion electrica, accesibilidad, pintura , patios",planificado,planificado,f11,mejora edilicia,2025,NA,NA,NA,NA,NA,NA,NA
x207,x404,200828,NA,san blas 5387,NA,planificado,planificado,NA,mejora edilicia,2025,NA,NA,NA,NA,NA,NA,NA
x208,x356,200832,esea 02 j donn,magariño cervantes  5068,NA,planificado,planificado,f11,mejora edilicia,2025,NA,NA,NA,NA,NA,NA,NA
x209,x219,200864,guillermo jose barros,mariano acosta 2976,"mejora edilicia, reparacion de cubiertas, adecuacion de instalaciones sanitarias, electricas y pluvial. reparacion de muros y pintura integral",planificado,planificado,f11,mejora edilicia,2025,NA,NA,NA,NA,NA,NA,NA
x210,x216,200873,"esc. para niños, niñas y jovenes con discapacidad mental y de formación integral nº 7 juan xxiii de 19",mariano acosta 2936,plan mejora de  patio+ inst gas-calefaccion + cubierta  y reparacion de revoques y pintura en areas significativas,planificado,planificado,f11,mejora edilicia,2025,NA,NA,NA,NA,NA,NA,NA
x211,x405,200909,NA,garcia de cossio 5570,NA,planificado,planificado,NA,mejora edilicia,2025,NA,NA,NA,NA,NA,NA,NA
x212,x359,200920,jic n° 02/20°,montiel 1174 - reemplazo en terreno nuevo,obra nueva reemplazo inicial montiel 1174,planificado,planificado,f11,mejora edilicia,2025,NA,NA,NA,NA,NA,NA,NA
x213,x354,200952,jic n° 04/21°,jose ignacio rucci 3961,NA,planificado,planificado,f11,mejora edilicia,2025,NA,NA,NA,NA,NA,NA,NA
x214,x305,200964,esc.sup.de educ. artistica en artes visuales lola mora,soldado de la frontera 5155,"sanitarios, cubierta, pintura general",planificado,planificado,f11,mejora edilicia,2025,NA,NA,NA,NA,NA,NA,NA
x215,x406,200965,NA,piedras 1430,NA,planificado,planificado,NA,mejora edilicia,2025,NA,NA,NA,NA,NA,NA,NA
x216,x372,NA,NA,timoteo gordillo - cañada de gómez 4548,agrupacion de jines,planificado,planificado,f11,mejora edilicia,2025,NA,NA,NA,NA,NA,NA,NA
x217,x375,NA,NA,varela y cruz - profesionalizante,NA,planificado,planificado,f11,mejora edilicia,2025,NA,NA,NA,NA,NA,NA,NA
x218,x370,200078,esc. primaria común n° 04 amadeo jacques /jardín de infantes nucleado a (epcjs 04/02°),soler 3929,NA,planificado,planificado,f11,mejora edilicia,2026,NA,NA,NA,NA,NA,NA,NA
x219,x060,200136,gervasio posadas,avda. san juan 2277,proyecto de accesibilidad y pintura general. agregar impermeabilización. expediente: construccion de galeria en patio para paso (jardin),planificado,planificado,f11,mejora edilicia,2026,NA,NA,NA,NA,NA,NA,NA
x220,x230,200140,esc. de com. nº 34 monseñor miguel de andrea de 03,moreno 2135,patios + muros+carpinterias+   inst electrica y pintura en areas significativas y evaluar posible crecimiento aulico. catalogacion?,planificado,planificado,f11,mejora edilicia,2026,NA,NA,NA,NA,NA,NA,NA
x221,x353,200143,esc. para jóvenes y adultos con discapacidad visual y formación integral n° 37 francisco gatti,independencia 672,NA,planificado,planificado,f11,mejora edilicia,2026,NA,NA,NA,NA,NA,NA,NA
x222,x087,200178,benito quinquela martin,avda. don pedro de mendoza 1835,"acondicionamiento  de cubierta, instalacion sanitario, electrica e incendio. arreglo de revoques menores en aulas.  adecuacion pintura interior de areas significantes  y patio.",planificado,planificado,f11,mejora edilicia,2026,NA,NA,NA,NA,NA,NA,NA
x223,x334,200317,sup inicial i b,avda. boedo 650,NA,planificado,planificado,f11,mejora edilicia,2026,NA,NA,NA,NA,NA,NA,NA
x224,x352,200330,esc. integral interdisciplinaria n° 06,inclan 3146,NA,planificado,planificado,f11,mejora edilicia,2026,NA,NA,NA,NA,NA,NA,NA
x225,x314,200358,delfin jijena,olaya 1565,"reparacion de revoques, pintura general, instalacion electrica, cubiertas y pluviales, carpinterias",planificado,planificado,f11,mejora edilicia,2026,NA,NA,NA,NA,NA,NA,NA
x226,x319,200417,epc n° 23 canada,cachimayo 1735,NA,planificado,planificado,f11,mejora edilicia,2026,NA,NA,NA,NA,NA,NA,NA
x227,x350,200423,esc. integral interdisciplinaria n° 08 luis vernet,hortiguera 742,NA,planificado,planificado,f11,mejora edilicia,2026,NA,NA,NA,NA,NA,NA,NA
x228,x232,200479,escuela integral interdisciplinaria nº 09 de 09,la pampa 1240,"plan mejora en   adecuacion fachada,  inst electrica , patios, fisuras , muros ,carpinteria , cubierta, sanitarios, cocina , reparacion de revoques y   pintura en areas significativas  // chequear catalogacion",planificado,planificado,f11,mejora edilicia,2026,NA,NA,NA,NA,NA,NA,NA
x229,x355,200531,cbfo n° 03 olga cossettini,juramento 2945,NA,planificado,planificado,f11,mejora edilicia,2026,NA,NA,NA,NA,NA,NA,NA
x230,x374,200554,esc. primaria común n° 06 dr. carlos vaz ferreira,varela 1040,NA,planificado,planificado,f11,mejora edilicia,2026,NA,NA,NA,NA,NA,NA,NA
x231,x367,200569,esc. primaria común n° 23 gral. de división manuel n. savio,san pedrito 1137,NA,planificado,planificado,f11,mejora edilicia,2026,NA,NA,NA,NA,NA,NA,NA
x232,x347,200611,esc. integral interdisciplinaria n° 12,gavilan 1464,"instalacion electrica, accesibilidad, pintura",planificado,planificado,f11,mejora edilicia,2026,NA,NA,NA,NA,NA,NA,NA
x233,x320,200636,epc n°19 caja nac. de ahorro y seguro,albariño 2062,NA,planificado,planificado,f11,mejora edilicia,2026,NA,NA,NA,NA,NA,NA,NA
x234,x323,200683,esc. de com. n° 24 dr. dalmacio velez sarsfield,avda. del campo 1340,NA,planificado,planificado,f11,mejora edilicia,2026,NA,NA,NA,NA,NA,NA,NA
x235,x351,200748,epc n° 09 irlanda,ibera 5734,NA,planificado,planificado,f11,mejora edilicia,2026,NA,NA,NA,NA,NA,NA,NA
x236,x345,200754,jin b (epcjc 16/16°) juana azurduy,gabriela mistral 3376,NA,planificado,planificado,f11,mejora edilicia,2026,NA,NA,NA,NA,NA,NA,NA
x237,x318,200758,epc n° 22 republica de nicaragua,bazurco 2551,NA,planificado,planificado,f11,mejora edilicia,2026,NA,NA,NA,NA,NA,NA,NA
x238,x324,200762,esc. de educ. media nº 01 rodolfo walsh de 16,argerich 5651,"reparacion de cubiertas, filtraciones, revoques, carpinterias, mejora en cielorrasos y pintura general",planificado,planificado,f11,mejora edilicia,2026,NA,NA,NA,NA,NA,NA,NA
x239,x343,200792,esc. tec. n° 16 españa,concordia 3555,NA,planificado,planificado,f11,mejora edilicia,2026,NA,NA,NA,NA,NA,NA,NA
x240,x340,200814,epc n° 13 cnel. jose antonio melian,camarones 4351,NA,planificado,planificado,f11,mejora edilicia,2026,NA,NA,NA,NA,NA,NA,NA
x241,x335,200844,sup inicial vi a a sup primaria de19,alagon 300,NA,planificado,planificado,f11,mejora edilicia,2026,NA,NA,NA,NA,NA,NA,NA
x242,x317,200857,epc n° 14 capit.maria remedios del valle,avda. intendente francisco rabanal 2751,NA,planificado,planificado,f11,mejora edilicia,2026,NA,NA,NA,NA,NA,NA,NA
x243,x326,200872,"esc. para niños, niñas con discapacidad mental nº 05 dr.angel s.ardaiz de 19",ferre 1957,"accesibilidad, sanitarios, pintura",planificado,planificado,f11,mejora edilicia,2026,NA,NA,NA,NA,NA,NA,NA
x244,x344,200910,epc n° 13 republica de filipinas,cosquin 1943,NA,planificado,planificado,f11,mejora edilicia,2026,NA,NA,NA,NA,NA,NA,NA
x245,x316,200955,epc n° 13 dr. alfredo lanari,avda. piedra buena 4863,"adecuacion de cubierta, sanitarios, termomecanica, patios y pintura",planificado,planificado,f11,mejora edilicia,2026,NA,NA,NA,NA,NA,NA,NA
x246,x369,200966,centro de formación profesional n° 04 (anexo),soldado de la frontera 5140,NA,planificado,planificado,f11,mejora edilicia,2026,NA,NA,NA,NA,NA,NA,NA
x247,x364,200175,epc n° 03 juan maria gutierrez,rocha 1226,NA,planificado,planificado,f11,mejora edilicia,2027,NA,NA,NA,NA,NA,NA,NA
x248,x373,200357,esc. primaria común n° 05 juan b. peña,trelles 948,NA,planificado,planificado,f11,mejora edilicia,2027,NA,NA,NA,NA,NA,NA,NA
x249,x357,200375,epc n° 25 republica de guatemala,mendez de andes 1451,NA,planificado,planificado,f11,mejora edilicia,2027,NA,NA,NA,NA,NA,NA,NA
x250,x376,200419,escuela infantil n° 04/08° agustín tatín ravello,victor martinez 1780,NA,planificado,planificado,f11,mejora edilicia,2027,NA,NA,NA,NA,NA,NA,NA
x251,x366,200612,centro de formación profesional n° 17 (anexo),san nicolas 588,NA,planificado,planificado,f11,mejora edilicia,2027,NA,NA,NA,NA,NA,NA,NA
x252,x377,200623,esc. primaria común n° 05 roberto billinghurst,zinny 1641,"adecuacion de cubierta, instalacion electrica, pintura general",planificado,planificado,f11,mejora edilicia,2027,NA,NA,NA,NA,NA,NA,NA
x253,x341,200710,epc n° 11 fray luis beltran,capdevila 3156,NA,planificado,planificado,f11,mejora edilicia,2027,NA,NA,NA,NA,NA,NA,NA
x254,x371,200846,esc. primaria común n° 03 prof. carlos justo florit,tilcara 2856,NA,planificado,planificado,f11,mejora edilicia,2027,NA,NA,NA,NA,NA,NA,NA
x255,x361,200850,epc n° 07 aeronautica argentina,quilmes 473,NA,planificado,planificado,f11,mejora edilicia,2027,NA,NA,NA,NA,NA,NA,NA
x256,x360,200919,jii n° 01/20°,montiel 3826,NA,planificado,planificado,f11,mejora edilicia,2027,NA,NA,NA,NA,NA,NA,NA
