n_proyecto,proy,direccion,x93,x126,x44,x24,cambia_de_estado,intervenciones,estado,subestado,fuente,programa,ano_plan,avance_de_obra_real,dgar,inicio_obra,plazo_obra,ampliacion_plazo,fin_obra,ppto_estimado
x127,x001,mom 2358,SI,SI,NA,NA,NO,"instalacion electrica completa, aa en patio central",finalizado,finalizado,f11,mejora edilicia,2021f,100%,7/7/2022,21/10/2022,90,NA,19/1/2023,"$11.125.823,97"
x080,x002,girardot 1946,SI,SI,SI,NA,SI,instalacion electrica completa,finalizado,finalizado,f11,mejora edilicia,2021f,100%,7/7/2022,17/11/2022,90,NA,30/6/2023,"$ 24.726.802,64"
x186,x003,lavalle 2386 / 2366,SI,SI,SI,NA,SI,"impermeabilización en el patio descubierto y el local sanitario de 1° piso y el reemplazo de los desagües
cloacales en el sector; el mejoramiento sanitarios de alumnos/as presentes; ejecución de rampas que salven diversos desniveles existentes en la planta baja;  pintura y revoques en diversos locales interiores (espacios áulicos y circulaciones)
mejoramiento integral de los patios descubiertos del edificio. instalación eléctrica de baja tensión y de muy baja tensión.",en obra,en obra,f11,mejora edilicia,2023,94%,19/08/2022,20/1/2023,210,NA,29/12/2023,"$112.421.946,96"
x206,x004,teodoro garcia 3899,SI,SI,NA,NA,NO,"instalacion electrica completa, instalacion contra incendios",en obra,en obra,f11,mejora edilicia,2023,26%,26/12/2022,01/07/2023,270,NA,30/05/2024,"$160.149.498,32"
x155,x005,avda. congreso 3045,NA,NA,NA,NA,NO,instalacion electrica completa,en obra,en obra,f11,mejora edilicia,2023,27%,24/04/2023,22/8/2023,150,x,19/1/2024,"$70.547.510,65"
x101,x006,humboldt 742,NA,NA,NA,NA,NO,instalacion electrica completa,licitación,licitación,f11,mejora edilicia,2024,NA,12/6/2023,10/10/2023,150,NA,8/3/2024,"$ 90.075.851,39"
x213,x007,avda. triunvirato 4247,NA,NA,NA,NA,NO,reparacion de cubierta (fondos covid) - actualizar alcance,planificado,a iniciar proyecto,f11,mejora edilicia,2024,NA,28/11/2024,28/3/2025,270,NA,23/12/2025,-
x211,x008,chacabuco 922,SI,SI,SI,NA,SI,refacción sanitarios y restauración de cubierta,en obra,en obra,f11,mejora edilicia,2023,61%,7/02/2023,15/07/2023,180,NA,11/1/2024,"$ 18.086.962,04"
NA,x010,santo tome  4529,NA,NA,NA,NA,NO,nuevo sanitario para adultos y adecuación del sanitario de inicial. motorización de cubierta parabólica corrediza.,planificado,proximo a iniciar proyecto,f11,mejora edilicia,2024,NA,12/3/2024,10/07/2024,210,NA,05/02/2025,"$250.000.000,00"
NA,x015,pio collivadino 436,SI,SI,NA,NA,NO,"adecuación de sanitarios e incorporación del sanitario para personas con movilidad reducida.
restauración, conservación y tratamiento de prevención de las fachadas del edificio
reparación / recomposición de los revoques en paramentos interiores afectados por humedad de cimientos, cielorrasos armados de yeso y solados.
restauración de carpinterías y herrerías (puertas, ventanas, postigos, celosías y rejas de protección).
pintura general de paramentos interiores y cielorrasos de todos los locales del establecimiento
adecuación de instalación eléctrica a normativas vigentes, ejecución de instalación sanitaria nueva para los núcleos sanitarios, instalación pluvial.
reinstalación de cañerías de gas exteriores en el interior del edificio.",en obra,en obra,f11,mejora edilicia,2023,15%,2/01/2023,01/08/2023,365,NA,31/08/2024,"$188.147.656,00"
NA,x016,beron de astrada 5920,NA,NA,NA,NA,SI,"adecuacion accesibilidad y electrica, incendio, pintura interior + ver cd patio",en proyecto,en proyecto,f11,mejora edilicia,2023,NA,-,NA,NA,NA,NA,NA
NA,x017,arce 611,NA,NA,NA,NA,NO,re ajuste aulas y ampliacion sala de 3. casa casero?,licitación,licitación,f11,mejora edilicia,2024,NA,25/7/2022,22/11/2022,120,NA,NA,"$ 87.399.063,88"
NA,x018,avda. caseros 1555,SI,SI,NA,NA,NO,impermeabilización de techos,finalizado,finalizado,f11,mejora edilicia,2023,100%,28/02/2023,28/06/2023,150,NA,25/12/2023,"$27.798.016,73"
NA,x019,moron 3745,SI,SI,SI,NA,SI,"acondicionamiento de cubierta, sanitarios, cocina  inst electrica gas, piso, cielorraso. arreglo de revoque patio. adecuacion pintura interior de areas significantes y",en obra,en obra,f11,mejora edilicia,2023,13%,2/12/2022,01/09/2023,270,NA,28/05/2024,"$127.099.297,01"
NA,x020,rondeau 2751 - bernasconi,SI,SI,NA,NA,NO,freno de deterioro en fachadas exteriores e interiores,en obra,en obra,f11,mejora edilicia,2022f,0%,2/2/2023,15/09/2023,720,NA,4/9/2025,"$305.717.923,68"
NA,x021,juramento 4849,NA,NA,NA,NA,SI,impermeabilización e inst electrica completa,licitación,licitación,f11,mejora edilicia,2024,NA,12/7/2022,14/10/2023,150,NA,12/3/2024,"$ 107.941.827,74"
NA,x022,avda. santa fe 1510,SI,SI,SI,NA,SI,"patios, freno de deterioro en las fachadas.",en obra,en obra,f11,mejora edilicia,2023,77%,1/12/2022,04/07/2023,240,NA,29/02/2024,"$72.051.211,52"
NA,x023,san juan 1545,NA,NA,NA,NA,SI,"se realizará la reparación de revoques, filtraciones y trabajos de pintura. instalación eléctrica completa.",en proyecto,cyp,f11,mejora edilicia,2024,NA,14/11/2023,13/03/2024,300,NA,7/1/2025,-
x060,x024,24 de noviembre 1536,NA,NA,NA,NA,SI,"accesibilidad, ascensor, instalacion electrica completa",en obra,neutralizada,f14 p37,mejora edilicia,2023,90%,5/08/2021,8/7/2022,240,NA,neutralizada,"$58.395.912,76"
NA,x025,paraguay 1950,NA,NA,NA,NA,NO,impermeabilizacion,en obra,neutralizada,f14 p37,mejora edilicia,2023,94%,13/10/2021,22/7/2023,210,-,30/06/2023,"$69.197.587,66"
NA,x026,libertad 581,SI,SI,SI,NA,SI,"freno de deterioro (escuela patrimoniada): restauración de las fachadas interiores (patios). reparación de los revoques en paramentos interiores (circulaciones) afectados por humedad
de cimientos. reparación de cielorrasos dañados por humedad.  restauracion de zócalos perimetral de marmol, solados, escaleras principales, carpinterias y herrerias. reacondicionamiento de aulas de jardín de infante. colocacion de una rampa para dar accesibilidad. adecuación de la instalación eléctrica de baja tensión y muy baja tensión, en planta baja y en
primer piso",finalizado,finalizado,f11,mejora edilicia,2021,100%,NA,27/5/2022,270,NA,31/5/2023,"$67.044.161,00"
NA,x027,estados unidos 1228 (5to),SI,SI,NA,NA,NO APLICA,obra de finalizacion 5to piso dginfe,finalizado,neutralizada,f11,mejora edilicia,2021,100%,NA,12/5/2022,60,NA,10/8/2022,"$19.520.019,30"
NA,x028,avda. jose maria moreno 345,SI,SI,NA,NA,NO,"accesibilidad, ascensor. (amparo)",finalizado,finalizado,f11,mejora edilicia,2021,100%,NA,15/9/2021,210,NA,12/6/2022,"$17.821.000,00"
NA,x029,tandil 6690,SI,SI,SI,NA,SI,"accesibilidad, ascensor.",finalizado,finalizado,f11,mejora edilicia,2021,100%,NA,19/1/2022,180,NA,17/1/2023,"$12.226.784,76"
NA,x030,avda. alvarez jonte 5075,NA,NA,NA,NA,NO,instalacion electrica completa,finalizado,finalizado,f14 p37,mejora edilicia,2022,100%,NA,19/8/2022,120,NA,31/1/2023,"$26.157.164,59"
NA,x031,lavalle 1681,SI,SI,SI,NA,SI,"mejora edilicia, instalacion electrica completa",finalizado,finalizado,f11,mejora edilicia,2023,100%,9/06/2021,3/6/2022,300,-,-,"$81.733.907,89"
NA,x032,avda. entre rios 757,SI,SI,SI,NA,SI,"instalacion electrica completa, impermeabilizacion, mejoras varias en el edificio",en obra,neutralizada,f11,mejora edilicia,2023,61%,3/06/2021,22/12/2021,210,210,para rescindir,"$68.845.451,69"
NA,x033,avda. salvador maria del carril 3650,SI,SI,SI,NA,SI,"restauración y puesta en valor de fachadas externas e internas (patio) -
restauración de revoques en general, cielorrasos, solados, cambio de cubierta
de tejas coloniales, reacondicionamiento de locales en 1º piso, instalaciones eléctricas , sanitarias y termomecánicas",en obra,neutralizada,f11,mejora edilicia,2023,90%,13/07/2021,22/2/2022,270,83,neutralizada,"$78.946.670,06"
NA,x034,arcamendia 743,SI,SI,SI,NA,SI,"instalacion electrica completa, impermeabilizacion, restauracion de un sector de fachada",en obra,neutralizada,f11,mejora edilicia,2023,99%,20/09/2019,23/11/2021,365,75,neutralizada,"$61.355.906,77"
NA,x035,avda. paseo colon 650,SI,SI,NA,NA,NO,instalacion electrica completa sector talleres,finalizado,neutralizada,f11,mejora edilicia,2023,60%,11/06/2021,27/12/2021,180,-,-,"$51.950.043,85"
NA,x036,libertador 8635,NA,NA,NA,NA,NO,sanitarios. (fondos covid),finalizado,finalizado,f14 (covid),mejora edilicia,2022,100%,18/8/2022,18/8/2022,120,NA,15/1/2023,"$6.834.478,41"
NA,x037,jujuy 255,NA,NA,NA,NA,NO,sanitarios. (fondos inet),finalizado,finalizado,f14,mejora edilicia,2023,100%,23/09/2022,29/3/2023,120,-,-,"$13.441.665,36"
NA,x038,gral. enrique martinez 1432,NA,NA,NA,NA,SI,plan obras covid comedor,finalizado,finalizado,f14 (covid),mejora edilicia,2021,100%,NA,12/7/2022,60,NA,10/9/2022,"$4.411.382,73"
NA,x039,mexico 1627,NA,NA,NA,NA,NO,sanitarios. (fondos covid),finalizado,finalizado,f14,mejora edilicia,2021,100%,NA,18/8/2022,150,NA,1/3/2023,"$7.922.833,89"
NA,x040,navarro 4344,SI,SI,SI,NA,SI,"sanitarios, electricidad, accesibilidad y preceptoria",en obra,neutralizada,f11,mejora edilicia,2023,76%,15/10/2021,27/5/2022,180,90,neutralizada,"$51.114.898,96"
NA,x041,oliden 2855,SI,SI,SI,NA,SI,"etapa 2022-23 adecuación instalación eléctrica e incendio, accesibilidad básica con pintura en áreas significativas",en obra,en obra,f11,mejora edilicia,2023,73%,27/04/2022,1/12/2022,360,-,30/01/2024,"$133.214.002,08"
NA,x042,ramsay 2250,SI,SI,SI,NA,SI,"etapa 2022-23 adecuación de cubierta, instalación eléctrica",en obra,en obra,f11,mejora edilicia,2023,42%,11/05/2022,1/12/2022,180,-,30/11/2023,"$86.686.411,00"
NA,x043,avda. gral. iriarte 3880,SI,SI,NA,NA,NO,traslado de aulas modulares + adecuación y tendido elect,en obra,en obra,f11,mejora edilicia,2023,49%,18/11/2021,23/8/2022,240,-,-,"$34.094.710,78"
NA,x044,juncal 3251 / adicional proyecto aula,SI,SI,NA,NA,NO,"nuevo ascensor exterior - aumento caudal, reserva sanitaria",finalizado,finalizado,f11,mejora edilicia,2022,100%,22/10/2021,26/6/2022,180,NA,NA,"$ 15.232.617,67"
NA,x045,yrupe 6835,SI,SI,NA,NA,NO,ampliación de nucleos sanitarios / ampliacion del comedor / instalacion electrica del jardin,en obra,en obra,f11,mejora edilicia,2023,27%,16/01/2023,1/9/2023,210,NA,29/04/2024,"$101.206.554,82"
NA,x046,avda. jujuy 780,SI,SI,NA,NA,NO,cambio de chapas y pintura,finalizado,finalizado,f11,mejora edilicia,2022,100%,13/7/2022,20/01/2023,90,NA,20/4/2023,"$ 28.313.456,44"
NA,x047,avda. pte. manuel quintana 31,SI,SI,NA,NA,NO,acondicionamiento de fachadas/ adecuacion de supervision de1,en obra,en obra,f11,mejora edilicia,2023,63%,7/03/2022,1/12/2022,270,-,30/12/23,"$143.019.856,00"
NA,x048,vallejos 2555 caf,NA,NA,NA,NA,SI,"etapa i2020 adecuacion espacios aulicos y ampliacion comedor pintura, accesibilidad",planificado,proximo a iniciar proyecto,f11,mejora edilicia,2024,NA,21/1/2024,20/5/2024,270,NA,14/2/2025,-
NA,x049,jose antonio cabrera 3430,SI,SI,SI,NA,SI,reparaciones varias. mejoras en núcleos sanitarios. ejecución cuña desmontable. tratamiento de humedad de cimientos. trabajos sanitarios. instalación eléctrica,finalizado,finalizado,f11,mejora edilicia,2022,100%,9/12/2021,8/7/2022,240,NA,30/7/2023,"$30.052.943,33"
NA,x050,avda. santa fe 5039,SI,SI,NA,NA,NO,instalación eléctrica,finalizado,finalizado,f11,mejora edilicia,2022,100%,26/11/2021,8/10/2022,120,NA,NA,"$65.295.070,00"
NA,x051,avda. francisco beiro 4418,SI,SI,SI,NA,SI,"cielorrasos, instalación iluminacion (taller de cerámica), puesta en valor y refuncionalizacion de la ex vivienda del casero y depositos en pb, carpinterías, instal elect, pintura",finalizado,finalizado,f11,mejora edilicia,2023,100%,24/11/2021,26/8/2022,180,-,-,"$35.284.539,66"
NA,x052,avda. larrazabal 420,SI,SI,NA,NA,NO,"reparación en cubiertas, impermeabilización.",finalizado,finalizado,f11,mejora edilicia,2022 ad,100%,16/6/2022,1/12/2022,150,NA,30/7/2023,"$ 29.352.835,14"
NA,x053,polo saavedra,SI,SI,NA,NA,si,"terminación vestuarios, pileta, sanitarios, estacionamiento, parquizado",en obra,en obra,f11,mejora edilicia,2023,44%,5/09/2022,20/1/2023,330,-,1/02/2024,"$429.716.900,00"
NA,x054,echeverria 5034,SI,SI,SI,NA,SI,"demoliciones varias, reparaciones y provisión de nuevas carpinterías (herreria), accesibilidad basica, sanitario adaptado, patio, pintura gral.",finalizado,finalizado,f11,mejora edilicia,2022,100%,19/3/2022,23/9/2022,120,NA,30/6/2023,"$ 13.032.053,54"
NA,x055,ayacucho 632 / peru 1236 ascensores,SI,SI,NA,NA,NO,adecuacion y puesto funcionamiento elevadores,finalizado,finalizado,f11,mejora edilicia,2022 ad,100%,22/7/2022,22/12/2022,120,NA,30/7/2023,"$ 41.291.383,66"
NA,x056,almte. francisco j. segui 2580,SI,SI,SI,NA,SI,"biblioteca, sala maestros, filtraciones",finalizado,finalizado,f11,mejora edilicia,2022,100%,19/5/2022,20/10/2022,120,NA,23/2/2023,"$ 12.991.258,81"
NA,x057,cuzco 116,SI,SI,SI,NA,SI,cambio de cubiertas. reacondicionamiento sanitario. reparaciones varias. pintura. instalacion electrica completa,finalizado,finalizado,f11,mejora edilicia,2022,100%,27/12/2021,26/9/2022,270,NA,23/6/2023,"$ 48.586.390,82"
NA,x058,avda. curapaligue 1150,SI,SI,NA,NA,NO,refaccion integral edilicia accesibilidad plena carpinteria y pintura patio,en obra,en obra,f11,mejora edilicia,2023,0%,13/06/2023,1/11/2023,240,NA,7/06/2024,"$ 236.690.811,52"
NA,x059,fitz roy 171,NA,SI,NA,NA,SI,"accesibilidad basica,  cubierta, pintura hall y patio. instalacion electrica completa",licitación,licitación,f11,mejora edilicia,2024,NA,28/4/2024,26/8/2024,270,NA,23/5/2025,"$192.720.101,63"
NA,x060,avda. san juan 2277,NA,SI,NA,NA,SI,proyecto de accesibilidad y pintura general. agregar impermeabilización. expediente: construccion de galeria en patio para paso (jardin),planificado,a iniciar proyecto,f11,mejora edilicia,2024,NA,21/1/2025,21/5/2025,360,NA,16/5/2026,-
NA,x061,carlos calvo 3150 - la rioja 1042,SI,SI,SI,NA,SI,2 aulas de jardín. accesibilidad plena adecuacion pintura acceso y circulaciones. casa casero,en obra,en obra,f11,mejora edilicia,2023,3%,17/01/2023,15/9/2023,300,-,NA,"$ 125.052.938,19"
NA,x062,los patos 3004,NA,NA,NA,NA,NO,"ampliacion de 2 salas con sus respectivos sanitarios (50 m2), un área gestión conformada por 4 oficinas y un comedor con una superficie de 106 m2.",en obra,en obra,f11,mejora edilicia,2023,3%,8/06/2023,6/10/2023,240,-,2/06/2024,"$98.594.743,81"
NA,x063,mercedes 4002 - g1,SI,SI,NA,NA,NO,", adecuacion de cubierta, pluviales, carpinteria. arreglo de revoques en aulas y patio. adecuacion pintura interior de areas significantes y patio. agregar sdf",en obra,en obra,f11,mejora edilicia,2023,0%,24/06/2023,24/12/2023,360,NA,16/10/2024,"$ 1.137.124.087,04"
NA,x064,juan carlos gomez 253,SI,SI,SI,NA,SI,"acondicionamiento inst electrica incendio, carpinteria arreglo de revoque y piso patio + adecuacion casa casero para re ubicación aula adecuacion pintura interior pasillos (dgmesc pintaria aulas ) y areas significantes  + patio y fachada",finalizado,finalizado,f11,mejora edilicia,2023,100%,7/07/2022,1/12/2022,180,NA,30/11/23,"$67.527.137,00"
NA,x065,chile 1626,NA,SI,NA,NA,SI,"etapa 2022-23 adecuación de cubierta, patio, instalación eléctrica completa (amparo) y pintura",licitación,licitación,f11,mejora edilicia,2024,NA,07-08-2023,5/1/2024,300,NA,31/10/2024,"$ 183.705.656,87"
x028,x066,pellegrini 1515,SI,SI,NA,NA,NO,puesta en valor del sum y accesibilidad basica,en obra,en obra,f11,mejora edilicia,2023,56%,17/10/2022,1/3/2023,210,NA,31/01/2024,"$91.749.090,44"
NA,x067,avda. san pedrito 1415,NA,SI,NA,NA,NO,"ejecución ampliación y remodelación jic (tal como esta previsto en el proyecto). ejecución de solados patios descubiertos los que deberían incluir el sector que hoy se encuentra con terreno absorbente, desnivelado y con cascotes. construcción de un semicubierto para utilizar como gimnasio. trabajos en muros perimetrales ya que al ser terreno de relleno se producen desplazamientos constantemente, sumado a la rotura de llos mismo por los arboles. idem rejas perimetrales. pintura de herrerías (parasoles, protecciones y carpinterías de chapa y hierro ángulo). puesta en marcha sistema de ventilación (posee los conductos pero solo funciona la calefacción, al ser muy vidriado el edificio los espacios comunes se transforman en grandes hornos, y las aulas poseen poca ventilación al ser de apertura de proyección)",planificado,a iniciar proyecto,f11,mejora edilicia,2024,NA,8/8/2024,6/12/2024,360,NA,1/12/2025,-
NA,x068,tte. gral. juan domingo peron 1140,NA,SI,NA,NA,SI,"adecuacion de cubierta , sanitario ,electricidad , cielorraso , carpinteria.  arreglo de revoques  en aulas y patio .   adecuacion pintura interior de areas significantes  y patio",planificado,a iniciar proyecto,f11,mejora edilicia,2024,NA,7/10/2024,4/2/2025,240,NA,2/10/2025,-
NA,x069,helguera 2435,NA,SI,NA,NA,SI,accesibilidad básica. puesta en valor de carpinterías (algunas sin vidrio de seguridad o policarbonato y elementos corroídos). adecuación de instalación eléctrica. acondicionamiento de la instalación de gas y termomecánic. arreglo de humedad y revoques. pintura,en proyecto,cyp,f11,mejora edilicia,2024,NA,29/11/2023,28/3/2024,210,NA,24/10/2024,-
NA,x070,pedro lozano 3056,SI,SI,SI,NA,SI,impermeabilizacion parcial y pintura de cielorrasos. albañileria. reparacion de escaleras. humedad de cimientos.,licitación,licitación,f11,mejora edilicia,2023,NA,3/7/2023,15/11/2023,300,NA,10/9/2024,"$ 188.184.977,22"
x051,x071,roque perez 3545 (amparo),NA,SI,NA,NA,NO,"amparo - accesibilidad plena (ascensor, baño de disca y reorganizacion de office, patio de jardin a pb). instalacion electrica completa. instalacion sanitaria.",licitación,licitación,f11,mejora edilicia,2024,NA,21/9/2023,19/1/2024,300,NA,14/11/2024,"$483.820.568,13"
NA,x072,tronador 4134,NA,SI,NA,NA,NO,"reparación de humedad de cimientos, reparación de las mamposterías afectadas y pintura integral. impermeabilización de cubiertas, en sector con filtraciones y respiración de cielorrasos. requiere pisos patios
acondicionamiento de baños",planificado,a iniciar proyecto,f11,mejora edilicia,2024,NA,16/8/2024,14/12/2024,270,NA,10/9/2025,$ 25.000.000
NA,x073,avda. angel gallardo 246,NA,NA,NA,NA,SI,"restauracion patrimonial,impermeabilizacion, cielorrasos, acondicionamiento instalaciones y  pintura patios",en proyecto,cyp,f11,mejora edilicia,2024,NA,1/11/2023,29/2/2024,270,NA,25/11/2024,NA
NA,x074,catamarca 462,NA,NA,NA,NA,NO,pintura general y arreglos de algunos sectores de revoque.,finalizado,finalizado,f14,mejora edilicia,2022,100%,25/07/2022,20/1/2023,90,NA,11/4/2023,"$14.302.497,40"
NA,x075,quesada 4357,NA,SI,NA,NA,SI,acondicionamiento de pisos y cielorraso. revision de instalacion electrica.  provisión de agua. arreglo de revoque en fachada internas. adecuacion de sanitarios. pintura completa. humedad de cimiento sobre medianera. intervencion casa del casero.,licitación,licitación,f11,mejora edilicia,2024,NA,27/7/2023,24/11/2023,210,NA,21/6/2024,"$ 169.388.578,60"
NA,x076,avda. larrazabal 4520 - g1,NA,SI,NA,NA,NO,"instalación eléctrica completa, filtraciones, cambio de parasoles, pintura general",en obra,en obra,f11,mejora edilicia,2023,0%,24/06/2023,24/10/2023,360,NA,16/10/2024,"$ 1.137.124.087,04"
NA,x077,cuba 2410 - g1,SI,SI,NA,NA,NO,"instalacion electrica y  termomecanica, filtracion por cubierta.",en obra,en obra,f11,mejora edilicia,2023,0%,24/06/2023,24/10/2023,360,NA,16/10/2024,"$ 1.137.124.087,04"
NA,x078,camargo 725,SI,SI,SI,NA,SI,"acondicionamiento  de acc basica cubierta (nueva toda la cubierta del gym),inst electricidad,  incendio, cambio calera, prov agua , arreglos menores de revoques patio. pintura general.  mobiliario para guardado",en obra,en obra,f11,mejora edilicia,2023,49%,12/09/2022,15/05/2023,180,NA,28/02/2024,"$123.399.625,01"
NA,x079,humberto iº 3171,SI,SI,SI,NA,SI,"acondicionamiento  de acc basica, sanitarios , inst electrica e incendio, prov de agua , cielorraso   , carpinteria ,arreglo patio y  muros con sus revoques. pintura  y patio",en obra,en obra,f11,mejora edilicia,2023,14%,17/04/2023,1/9/2023,300,-,27/6/2024,"$205.148.895,05"
NA,x080,aquino 6040,NA,SI,NA,NA,SI,"instalacion electrica completa, remodelacion de nucleo sanitario en pb y nucleos sanitarios a nuevos en 1 y 2 piso. accesibilida plena (ascensor, solado rampante en gym y baño de disca en 2 piso). ampliacion de 4 aulas (3 jin). pintura. calefaccion.",licitación,licitación,f11,mejora edilicia,2024,NA,9/10/2023,6/2/2024,360,NA,31/1/2025,"$569.636.899,00"
NA,x081,besares 2990,NA,SI,NA,NA,NO,"cubierta, carpinterias (madera, deterioradas), playon de acceso, puesta en valor sector original del edificio",planificado,a iniciar proyecto,f11,mejora edilicia,2024,NA,13/09/2024,11/01/2025,360,NA,6/1/2026,-
NA,x081,lacarra 1135,NA,SI,NA,NA,NO,"cubierta, carpinterias (madera, deterioradas), playon de acceso, puesta en valor sector original del edificio",planificado,a iniciar proyecto,f11,mejora edilicia,2024,NA,17/5/2024,14/9/2024,330,NA,10/8/2025,$ 30.000.000
NA,x082,don bosco 4200,NA,SI,NA,NA,SI,"accesibilidad plena, sanitarios, freno de deterioro en fachada y puesta en valor de carpinterias, pintura, incendio (a definir)",en proyecto,cyp,f11,mejora edilicia,2024,NA,4/11/2023,3/3/2024,300,NA,28/12/2024,-
x059,x083,avda. rivadavia 3577,NA,SI,NA,NA,NO,"reparación de estructura y vitreaux en el salón de actos del 1º piso, sanitarios, carpinterias, instalacion electrica, pintura, fisuras en pb y ss. pintura. cubierta e impermeabilizacion.",en proyecto,cyp,f11,mejora edilicia,2024,NA,2/11/2023,1/3/2024,360,NA,24/2/2025,-
x038,x084,cuba 2039,SI,SI,NA,NA,NO,"sanitarios, cubierta, carpinterias y pintura",en obra,en obra,f11,mejora edilicia,2023,45%,4/02/2023,01/08/2023,210,-,27/02/2024,"$131.838.373,32"
NA,x085,moldes 1858,NA,SI,NA,NA,NO,"sanitarios, patios, cubierta (impermeabilizacion y arreglos de cubierta parabolica), cielorrasos, puesta en valor de escalera y aulas. ie completa. supervision (patios, solados, carpinterias, sanitarios y sellado de lucarnas).",en proyecto,cyp,f11,mejora edilicia,2024,NA,12/10/2023,9/2/2024,210,NA,6/9/2024,-
NA,x086,avda. cabildo 3615,NA,SI,NA,NA,SI,"sanitarios, impermeablizacion y pintura / ie completa - baños de pa sin instalacion de agua, requiere reemplazo de colectores en tanques",en proyecto,en proyecto,f11,mejora edilicia,2024,NA,25/2/2024,24/6/2024,270,NA,21/3/2025,-
NA,x087,avda. don pedro de mendoza 1835,NA,SI,NA,NA,SI,"acondicionamiento  de cubierta, instalacion sanitario, electrica e incendio. arreglo de revoques menores en aulas.  adecuacion pintura interior de areas significantes  y patio.",planificado,a iniciar proyecto,f11,mejora edilicia,2024,NA,23/6/2024,21/10/2024,360,NA,16/10/2025,-
NA,x088,avelino diaz 2356,NA,SI,NA,NA,NO,"evaluacion estructural de varias fisura (muros de aula, cocina y escaler). expte?
plan mejora de patio+muros+acond gas-electricidad+ sanitarios y pintura en areas significativaspatios amerita mejora en pisos y pintura. humedad ascendente en medianera de aulas y comedor. acondicionamiento de cielorrasos dela circulación del primer piso. acondicionamiento de instalacion electrica y termomecanica. acondicionamiento del sanitarios del piso 1. la accesibilidad si bien es básica amerita resolución de algunos desniveles internos en sus recorridos.",en proyecto,en instalaciones,f11,mejora edilicia,2024,NA,17/12/2023,15/4/2024,270,NA,10/1/2025,-
NA,x089,ayacucho 1680,NA,SI,NA,NA,NO,"fachadas (cambio de carpinterias y parasoles), nucleos sanitarios,(aula jines) mudanza de una sala, pintura completa, instalacion electrica y sanitario. analizar instalacion termomecanica. red de proteccion en azotea.",en proyecto,cyp,f11,mejora edilicia,2024,NA,5/12/2023,3/4/2024,365,NA,3/4/2025,"$1.187.500.000,00"
NA,x090,dr. antonio bermejo 6675 -modulares bermejo,NA,NA,NA,NA,NO APLICA,adaptacion de modulares en un cfp / acceso independiente / cambiar sanitarios / instalaciones/ aula,licitación,licitación,f11,mejora edilicia,2024,NA,NA,10/9/2022,NA,NA,NA,"$ 47.092.855,21"
NA,x091,gral. venancio flores 3869,SI,SI,SI,NA,SI,ampliación - rehabilitación parcial - instalación eléctrica,en obra,en obra,f11,mejora edilicia,2023,86%,3/02/2022,1/11/2022,300,-,30/12/23,"$78.558.808,00"
NA,x092,juana de azurduy 2541,SI,SI,NA,NA,NO,"acond de sanitarios, prov de agua , carpinteria y pintura en areas sgnificativas",en obra,en obra,f11,mejora edilicia,2023,10%,2/02/2023,01/08/2023,300,-,30/7/24,"$78.540.321,55"
NA,x093,2 de abril de 1982 6950 - goleta santa cruz 6997,SI,SI,SI,NA,SI,"carpinterías, cubierta y pintura en areas significativas",en obra,en obra,f11,mejora edilicia,2023,0%,15/06/2023,1/11/2023,210,NA,10/05/2024,"$222.519.817,56"
NA,x094,mendoza 1000,SI,SI,NA,NA,NO,accesibilidad plena. acondicionamiento / recambio de carpinterías y herrajes. subsanación de grietas en muros. revestimiento de toda la fachada (se retiró parte del revestimiento de ladrillo original por desprendimiento) / contrapiso a nuevo del patio del comedor / detector de intrusos (alarma / amparo,en obra,en obra,f11,mejora edilicia,2023,2%,14/02/2023,01/09/2023,300,NA,27/06/2024,"$172.314.108,54"
NA,x095,rivadavia 4950 - comedor,SI,SI,SI,NA,SI,creacion de un comedor,en obra,en obra,f11,mejora edilicia,2023,37%,30/11/2022,01/06/2023,210,NA,28/02/2024,"$80.229.731,43"
NA,x096,natatorio romero brest,NA,SI,NA,NA,NO,adecuacion de pileta y sus instalaciones plan mejora de patio+muros+acond gas-electricidad+ sanitarios y pintura en areas significativas,planificado,a iniciar proyecto,f11,mejora edilicia,2024,NA,22/12/2024,21/04/2025,420,NA,15/6/2026,-
NA,x097,alvarez thomas 2253,SI,SI,NA,NA,NO APLICA,"completar: mamposterías, revoques y solados. pintura completa. provisión y colocación de carpinterías y herrerías. completar instalaciones: eléctrica y sanitaria.ejecutar escalera a azotea (hormigón)",en obra,en obra,f11,mejora edilicia,2023,0%,1/08/2023,30/11/2023,330,NA,24/10/2024,"$ 125.082.770,42"
NA,x098,roosevelt 1510,SI,SI,NA,NA,NO,"accesibilidad plena (ascensor en patio de planta baja), reutilizacion pb para conformar un aula y acondicionar baño de discapacitado (no funciona griferia y falta timbre) / amparo",en obra,en obra,f11,mejora edilicia,2023,10%,2/02/2023,10/07/2023,240,NA,6/03/2024,"$53.535.914,92"
NA,x099,bahia blanca 4025,SI,SI,NA,NA,NO APLICA,"refuncionalizacion edilicia: casa del casero en oficinas de la supervision. accesibilidad basica, instalacion electrica completa, sanitaria y termomecanica.",en obra,en obra,f11,mejora edilicia,2023,14%,17/04/2023,20/08/2023,180,NA,16/02/2024,"$52.013.533,12"
NA,x100,villa olimpica - jose benjamin zubiaur 4180 y 23 de junio 4155,NA,SI,NA,NA,no,"sistema de alarma primaria, limpieza de terreno y cortinas. ver posibilidad de incorporar mas tareas.",licitación,licitación,f11,mejora edilicia,2024,NA,17/06/2023,01/11/2023,300,NA,27/8/2024,"$ 414.271.095,70"
x057,x101,ex yrurtia  - alberdi 4754,NA,SI,NA,NA,NO APLICA,"completo o por etapas de obra / acondicionamiento de aulas, sanitarios y pintura general",planificado,a iniciar proyecto,f11,mejora edilicia,2024,NA,12/12/2024,11/04/2025,720,NA,01/04/2027,-
NA,x102,lamadrid 499,NA,SI,NA,NA,SI,"historica. fachada, patio, instalacion electrica,carpinterias,sanitarios y pintura
requiere refuncionalización vivienda casera",en proyecto,en proyecto,f11,mejora edilicia,2024,NA,24/03/2024,22/7/2024,270,NA,18/4/2025,-
NA,x103,lacarra 1151 y avda. francisco bilbao,NA,SI,NA,NA,NO,"fachadas exteriores (desprendimiento de pintura y revoques), humedad en subsuelo y levantamiento de solado, aulas en mal estado (placas de cielorraso faltantes, pinturas con grafitis), patio cubierto con filtración por cubierta de vidrio. baños: filtración, faltante de cerámicos y artefactos de luz. pintura en general.",en proyecto,en proyecto,f11,mejora edilicia,2024,NA,18/10/2023,15/02/2024,330,NA,10/01/2025,"$270.975.545,54"
NA,x104,luis viale 1052,NA,SI,NA,NA,SI,"demolicion completa de contruccion en patio y trabajos de retiro de asbesto, accesibilidad  basica, cambio de carpinterias y cubierta  de galeria y paso que da al patio, nuevo nucleo sanitario en donde funcionaba la sala de maestro y sanitario adjunto. demolicion de sanitarios en sum. demolicion de parrilla y armado de lugar para gimnacio.  puesta en valor de sanitarios existentes y sala de auxiliares. instalacion sanitaria (cambio de tanque bombeo) y adecuacion de instalacion electrica. refuncionalizar casa del casero: cambio de cielorraso, puesta en valor del santario, cambio de carpinterias. completamiento de medianera y arreglo de muro existente.",licitación,licitación,f11,mejora edilicia,2024,NA,10/10/2023,07/02/2024,300,NA,3/12/2024,"$182.030.051,19"
x066,x105,gral urquiza 277,SI,SI,NA,NA,NO,casa de casero,en obra,en obra,f11,mejora edilicia,2023,42%,17/03/2023,01/09/2023,120,NA,30/12/2023,"$14.818.335,16"
NA,x106,jose cubas 4440,NA,SI,NA,NA,NO,"ie completa, accesibildiad (solo baño de discapacitados), impermeabilizacion, pintura y puesta envalor de casa del casero para uso administrativo.",licitación,licitación,f11,mejora edilicia,2024,NA,26/08/2023,03/01/2024,180,NA,1/7/2024,"$133.643.145,39"
NA,x107,tamborini 3948 - plani,SI,SI,SI,NA,SI,"sanitarios, revoques, patios y pintura.",en obra,en obra,f11,mejora edilicia,2023,90%,8/02/2023,22/06/2023,180,NA,19/12/2023,"$60.242.413,56"
NA,x108,libertador 4777,SI,SI,NA,NA,NO,electrica e incendio / amparo,en obra,neutralizada,f11,mejora edilicia,2023,77%,19/01/2023,04/07/2023,90,NA,2/10/2023,"$16.554.167,31"
NA,x109,ayacucho 1849,SI,SI,NA,NA,NO,instalacion electrica,en obra,en obra,f11,mejora edilicia,2023,0%,1/08/2023,20/11/2023,120,NA,28/03/2024,"$94.436.192,41"
NA,x110,carabobo 253,SI,SI,NA,NA,NO,acondicionamiento de sanitarios pb y 1er. pintura. provision de piletones de acero inx. acondicionamiento de solado en expansion descubierta del 2do piso. creacion de sanitario para disca en pb. rearmado de locales con tabiqueria en area de  pb. colocacion de montaescalera en acceso (pb).,en obra,en obra,f11,mejora edilicia,2023,35%,17/04/2023,15/08/2023,150,NA,12/01/2024,"$35.559.575,36"
NA,x112,gurruchaga  739,SI,SI,SI,NA,NO,instalacion electrica,en obra,en obra,f11,mejora edilicia,2023,0%,4/07/2023,10/11/2023,180,NA,29/04/2024,"$162.327.060,67"
NA,x113,rio de janeiro 986,NA,SI,NA,NA,NO,"acc. plena, pintura y adecuacion de instalacion electrica",licitación,licitación,f11,mejora edilicia,2024,NA,02/08/2023,30/11/2023,300,NA,25/9/2024,"$138.330.209,66"
NA,x114,av. roca 6902 - autodromo,SI,SI,NA,NA,NO,"demolicion de mamposterias, tabiques, pisos y canteros. proveer y colocar reja de proteccion en las ventanas de aula y oficina. ejecucion de contrapiso, carpeta y solado en sector terraza. ejecucion de canteros. provision y colocacion de lockers. instalacion sanitaria: instalación y colocación de nuevos inodoros pedestal, cambio de placas afectadas por humedad, proveer y colocar accesorios y espejos en los sanitarios.",finalizado,finalizado,f11,mejora edilicia,2023a,100%,26/01/2023,15/06/2023,90,NA,13/9/2023,"$ 16.136.338,49"
NA,x115,zapata 449,SI,SI,NA,NA,NO,"impermeabilizacion, instalación pluvial y pintura",finalizado,finalizado,f11,mejora edilicia,2021,100%,-,20/05/2022,150,NA,16/11/2022,"$21.196.326,51"
NA,x116,juncal 690 y basavilbaso 1295,NA,SI,NA,NA,NO,"reparacion de cubiertas (inicial y primaria), acc basica (montasilla y baño de disca), pintura general - instalacion electrica de la inicial - sector de sombras inicial y primaria - solado de patio de la primaria e inicial - recambio de carpinterias y colocacion de rejas - evaluacion de instalacion sanitaria + ee: remediacion de rejas",licitación,licitación,f11,mejora edilicia,2024,NA,02/08/2023,2/1/2024,365,NA,NA,"$629.566.069,49"
NA,x119,lacarra 535,SI,SI,NA,NA,NO,"área administrativa: sanitario del sector a nuevo. se colocara cielorrasos suspendidos en todo el área. se realizará una nueva inst. eléctrica. se pintara completamente todo el sector.
en el edificio donde funciona el taller de electrónica, en planta baja: 
puesta en valor de los sanitarios de docentes, office, sanitarios de alumnos y taller de electrónica.
en la planta alta de este mismo edificio, puesta en valor del aula de computación y el pasillo a fin de dar respuesta a la salida de emergencia. 
en el taller de hormigón armado que se encuentra en otro sector de la escuela sobre planta baja, se dará intervención al sanitario existente de docentes y al patio descubierto.
puesta en valor del sum y biblioteca.
intervencion de cubiertas (membranas, asbesto, cambio de tejas y chapas,etc..)
cambio de tanques e instalación eléctrica.",en obra,en obra,f11,mejora edilicia,2023,3%,25/04/2023,20/10/2023,360,NA,14/10/2024,"$296.246.046,16"
NA,x148,venezuela 3259,SI,SI,SI,NA,SI,instalacion electirca impermeabilizacion,finalizado,finalizado,f11,mejora edilicia,2021,100%,7/5/2021,21/9/2021,120,NA,25/1/2022,"$ 10.721.309,20"
NA,x149,franklin 1836,NA,NA,NA,NA,NO,sanitarios. (fondos covid),finalizado,finalizado,f14 (covid),mejora edilicia,2021,100%,NA,3/1/2022,90,NA,3/4/2022,"$5.455.138,73"
NA,x150,pellegrini 1515,SI,SI,NA,NA,NO,puesta en valor de la escalera,finalizado,finalizado,f11,mejora edilicia,2021,100%,NA,20/9/2021,60,NA,19/11/2021,$ 5.101.483
NA,x151,zuviria 6554,SI,SI,NA,NA,NO,"tanque de bombeo, bombas (fondos covid)",finalizado,finalizado,f11,mejora edilicia,2021,100%,NA,10/2/2022,60,NA,11/4/2022,"$6.266.250,00"
NA,x152,avda. riestra 3300,SI,SI,SI,NA,SI,instalacion electrica,finalizado,finalizado,f11,mejora edilicia,2021,100%,NA,19/11/2021,90,NA,17/2/2022,"$ 4.194.032,33"
NA,x153,don pedro de mendoza 1777,SI,SI,SI,NA,SI,"reparacion de aleros, cubiertas.",finalizado,finalizado,f11,mejora edilicia,2021,100%,NA,24/9/2021,180,NA,23/3/2022,"$20.615.534,00"
NA,x154,simbron 5855,SI,SI,NA,NA,NO,impermeabilizacion,finalizado,finalizado,f11,mejora edilicia,2021,100%,18/6/2021,5/10/2021,180,NA,3/4/2022,"$ 26.245.160,70"
NA,x155,peru 1357,SI,SI,SI,NA,SI,"instalacion electrica, ampliacion, mejora edilicia",finalizado,finalizado,f11,mejora edilicia,2021,100%,24/6/2021,19/11/2021,120,NA,19/3/2022,"$37.437.202,59"
NA,x156,saavedra 695,SI,SI,SI,NA,SI,mejora edilicia en varios sectores,finalizado,finalizado,f11,mejora edilicia,2021,100%,NA,23/11/2021,120,NA,23/3/2022,"$19.393.947,10"
NA,x157,paseo colon 255 (4to),SI,SI,NA,NA,NO APLICA,conformación de la biblioteca de la universidad de la ciudad,finalizado,finalizado,f11,mejora edilicia,2021,100%,NA,4/1/2022,60,NA,5/3/2022,"$8.993.290,61"
NA,x158,catulo castillo 2750,SI,SI,NA,NA,NO,escalera para salida de emergencia,finalizado,finalizado,f11,mejora edilicia,2021,100%,NA,27/9/2021,90,NA,4/12/2021,"$16.026.384,83"
NA,x159,letonia y antartida argentina,SI,SI,NA,NA,NO APLICA,"obra en escuela temporaria de la media, se desafecta el edificio y paso a justicia",finalizado,finalizado,f11,mejora edilicia,2021,100%,NA,NA,75,NA,NA,"$3.543.233,80"
NA,x160,asamblea 1221,SI,SI,SI,NA,SI,acondicionamiento de patio,finalizado,finalizado,f11,mejora edilicia,2021,100%,NA,NA,150,NA,NA,"$11.916.990,30"
NA,x161,scalabrini ortiz 1336,SI,SI,NA,NA,NO,sanitario e impermeabilizacion,finalizado,finalizado,f11,mejora edilicia,2021,100%,NA,NA,90,NA,NA,"$3.377.362,43"
NA,x162,pio collivadino 436,SI,SI,SI,NA,SI,reparacion de medianera,finalizado,finalizado,f11,mejora edilicia,2021,100%,NA,NA,NA,NA,NA,"$3.194.103,73"
NA,x163,juan de garay 3972,SI,SI,SI,NA,SI,pintura y acondicionamiento de patio,finalizado,finalizado,f11,mejora edilicia,2021,100%,NA,NA,150,NA,NA,"$21.902.996,14"
NA,x164,alberdi 4139,SI,SI,NA,NA,NO,"trabajos en  medianeras, subsuelo por filtraciones",finalizado,finalizado,f11,mejora edilicia,2021,100%,NA,20/5/2022,150,NA,17/10/2022,"$ 21.196.325,51"
NA,x165,jose a. cortejarena 3350,NA,NA,NA,NA,SI,sanitarios. (fondos covid),finalizado,finalizado,f14 (covid),mejora edilicia,2021,100%,NA,24/5/2022,90,NA,25/8/2022,"$5.956.117,25"
NA,x166,lynch 3536,NA,NA,NA,NA,SI,sanitarios. (fondos covid),finalizado,finalizado,f14 (covid),mejora edilicia,2021,100%,NA,21/6/2022,90,NA,19/9/2022,"$3.630.761,13"
NA,x167,nuñez 3638,SI,SI,SI,NA,SI,"restauracion de fachadas, humedades de cimientos, instalacion electrica completa",finalizado,neutralizada,f11,mejora edilicia,2021,100%,NA,1/11/2021,210,NA,12/11/2022,"$31.955.000,00"
NA,x168,rondeau 2751,SI,SI,NA,NA,NO,restauracion de cielorrasos de sector pileta,finalizado,finalizado,f11,mejora edilicia,2021,100%,NA,16/9/2021,120,NA,14/1/2022,"$6.373.844,67"
NA,x169,magariños cervantes 5068,SI,SI,SI,NA,SI,"instalacion electrica completa, sanitarios",finalizado,neutralizada,f11,mejora edilicia,2021,100%,5/10/2021,5/10/2021,180,NA,22/9/2022,"$44.077.559,00"
NA,x170,planetario,SI,SI,NA,NA,NO APLICA,"instalacion de caldera electrica, tendido electrico al edificio desde ct",finalizado,neutralizada,f11,mejora edilicia,2021,100%,NA,01/10/2021,90,NA,5/7/2022,"$19.209.834,00"
NA,x171,formosa 136,SI,SI,SI,NA,SI,"accesibilidad, ascensor. (amparo)",finalizado,finalizado,f11,mejora edilicia,2021,100%,NA,27/9/2021,210,NA,25/4/2022,"$25.771.052,00"
NA,x172,paseo colon 255 (5to),SI,SI,NA,NA,NO APLICA,conformacion de 4 aulas y apoyo administrativo,finalizado,finalizado,f11,mejora edilicia,2021,100%,NA,21/6/2022,60,NA,20/8/2022,"$13.195.684,00"
NA,x173,jeronimo salguero 920,SI,SI,SI,NA,SI,"mejora edilicia, sanitarios, talleres.",finalizado,neutralizada,f11,mejora edilicia,2021,100%,NA,18/11/2021,365,NA,7/1/2023,"$71.082.274,66"
NA,x174,avda. rivadavia 4950,SI,SI,SI,NA,SI,"instalacion electrica completa, impermeabilizacion, restauracion de un sector de fachada",finalizado,neutralizada,f11,mejora edilicia,2021,100%,NA,17/11/2021,210,NA,13/9/2022,"$113.225.803,05"
NA,x175,parque de la ciudad -  avda. f.f. de la cruz s/n,SI,SI,NA,NA,NO APLICA,"obra nueva, pileta",finalizado,neutralizada,f11,mejora edilicia,2021,100%,NA,25/11/2021,120,NA,24/5/2022,"$84.449.064,70"
NA,x176,ayacucho 1849,NA,NA,NA,NA,NO,sanitarios ( covid),finalizado,finalizado,f14,mejora edilicia,2021,100%,NA,6/10/2022,90,NA,03/03/2023,"$3.666.231,00"
NA,x177,san pedro 4457,NA,NA,NA,NA,NO,rehabilitación de núcleo sanitario de pb.,finalizado,finalizado,f14 (covid),mejora edilicia,2021,100%,NA,27/7/2022,90,NA,-,"$2.663.284,39"
NA,x178,quito 4043,NA,NA,NA,NA,SI,mejoramiento edilicio e instalación eléctrica,finalizado,finalizado,f14,mejora edilicia,2022,100%,12/7/2022,30/1/2023,120,NA,11/7/2023,"$25.301.985,80"
NA,x179,dr. tomas manuel de anchorena 441,NA,NA,NA,NA,SI,adecuacion inst y pintura,finalizado,finalizado,f14,mejora edilicia,2022,100%,11/7/2022,8/2/2023,180,NA,7/8/2023,"$20.773.909,53"
NA,x180,esmeralda 285 caf,NA,NA,NA,NA,SI,"restauracion de fachadas, refacciones generales de cielorrasos, pisos, sala
de cooperadora y sala docente , inst eléctrica, sanitarios",en obra,en obra,f14,mejora edilicia,2023,50%,9/05/2022,20/1/2023,300,-,3/07/2023,"$63.582.703,57"
NA,x181,acassuso 5860 sede,NA,SI,NA,NA,SI,"sede: sanitarios a nuevos, impermeabilizaciones, pintura (20mm), reparaciones varias, adecuacion de carpinterias, ie completa y cambio e canaletas y sesagues pluviales.  anexo: solado de los balcones, bicicletero, cortinas roller, adecuacion en sala de musica, pintura y arreglo de fachada, reparacion de carpinterias, patio: demarcacion de canchas, pintura y cerco de alambre. refuncionalizacion de sala de tanque. ie completa.",licitación,licitación,f11,mejora edilicia,2024,NA,1/10/2023,29/1/2024,270,NA,25/10/2024,"$ 255.322.876,63"
NA,x181,acassuso 6138 anexo,NA,SI,NA,NA,SI,"sede: sanitarios a nuevos, impermeabilizaciones, pintura (20mm), reparaciones varias, adecuacion de carpinterias, ie completa y cambio e canaletas y sesagues pluviales.  anexo: solado de los balcones, bicicletero, cortinas roller, adecuacion en sala de musica, pintura y arreglo de fachada, reparacion de carpinterias, patio: demarcacion de canchas, pintura y cerco de alambre. refuncionalizacion de sala de tanque. ie completa.",licitación,licitación,f11,mejora edilicia,2024,NA,1/10/2023,29/1/2024,270,NA,25/10/2024,"$ 255.322.876,63"
NA,x182,valdenegro 3525,NA,NA,NA,NA,NO,"obra rescindida: trabajos de ampliación edilicia, medios de salida y pintura integral de fachadas",finalizado,finalizado,f14,mejora edilicia,2021,100%,NA,17/01/2022,120,NA,17/05/2022,NA
NA,x183,la porteña 54 - yerbal 2750,SI,SI,NA,NA,NO,"obra nueva, ampliación de la porteña 54  ( 9 aulas)",en obra,en obra,f11,mejora edilicia,2023,28%,29/08/2022,20/1/2023,390,-,30/3/24,"$346.164.000,00"
NA,x184,natatorio yerbal 25,NA,SI,NA,NA,NO,puesta en funcionamiento de la plieta y accesibilidad,en proyecto,en proyecto,f11,mejora edilicia,2023,NA,-,18/06/1900,NA,NA,NA,NA
NA,x185,varela 1802   -daom,NA,SI,NA,NA,NO APLICA,"cancha de futbol 5, sintetico, 8 luminarias, acceso independiente desde av varela.",en obra,en obra,f11,mejora edilicia,2023,NA,-,07/04/2023,NA,NA,NA,"$95.137.712,18"
NA,x186,escalada 2890,NA,SI,NA,NA,NO APLICA,"construcción de 4 aulas modulares en steel frame, adecuaciones en: vivienda casero, sala profesores y preceptores.",en obra,en obra,f11,mejora edilicia,2023,NA,-,01/07/2023,NA,NA,NA,"$117.949.959,33"
NA,x187,cañada de gomez 3859,NA,SI,NA,NA,NO APLICA,incorporacion de dos aulas de steel frame y nucleo sanitarios. traslado de mastil.,en obra,en obra,f11,mejora edilicia,2023,NA,-,01/07/2023,NA,NA,NA,"$76.904.934,19"
NA,x189,gral. martin de gainza 1050,SI,SI,SI,NA,SI,"impermeabilización de las azoteas, cubierta tipo shed de los talleres y
laboratorios. instalaciones eléctrica, sanitaria, contra incendio, termomecánica y la reparación –
puesta en norma del ascensor.",en obra,en obra,f11,mejora edilicia,2023,70%,12/08/2022,19/1/2023,330,-,28/2/24,"$405.359.455,00"
NA,x190,letras corporeas,SI,SI,NA,NA,NO APLICA,provisión y colocación de letras corpóreas,finalizado,finalizado,f11,mejora edilicia,2021,100%,NA,12/1/2022,60,NA,#ref!,"$7.272.523,90"
NA,x191,gral. martin de gainza 1050 (433),SI,SI,NA,NA,SI,imperbeabilizacion de un sector de azotea,finalizado,finalizado,f11,mejora edilicia,2022,100%,NA,9/9/2022,-,NA,NA,-
x025,x192,libertador 8635,NA,NA,NA,NA,NA,"accesibilidad: ejecución de ascensor y sala de maquina (exterior), adecuación de rampa existente y adecuación de sanitario pcd existente. instalacion electrica completa. istalacion pluvial en campo de depoertes para que no se inunde sector de canchas lugones.mejora edilicia: pintura de aulas de pb del edificio nuevo (pisos superiores dgmesc), revoque y pintura en circulación de edificio histórico pb y 1er piso. revoque, pintura y solados en circulación entre talleres. mejoras de marcos de carpinterías.
reja de seguridad con concertina superior en fuelle entre el pasadizo de ascensor y edificio existente. (para evitar que alguien ingrese por libertador y se esconda en ese espacio)
reja de seguridad corrediza para proteger sector de bicicletas. (se retira reja deteriorada con ubicación actual para generar el playón de acceso al ascensor)
mejoras en escalera exterior en taller de informática en área del fondo.( necesita pasamanos adecuados en ambos laterales, pintura de solado y reemplazo de cintas antideslizantes, ya que se han tropezado alumnos según se nos informó).
ampliación de taller de carpintería (ee timm), nueva aula en primer piso del taller.",en proyecto,cyp,f11,mejora edilicia,2024,NA,05/11/2023,04/03/2024,365,NA,3/4/2025,-
x046,x194,loyola 1500,NA,NA,NA,NA,NA,"itsf, acondicionamiento de taller en estudio de grabacion",licitación,licitación,f11,mejora edilicia,2023,NA,15/09/2023,26/12/2023,180,NA,11/07/2024,"$106.896.537,04"
x058,x196,zuviria 6620/50 - polo piedrabuena,NA,NA,NA,NA,NA,conexion de instalacion de gas (medidor y conexion)+ reemplazo de artefacto de cocina,en obra,en obra,433,mejora edilicia,2023,0%,24/05/2023,21/9/2023,60,NA,20/11/2023,"$4.500.000,00"
NA,x197,catulo castillo 2750,NA,NA,NA,NA,NA,NA,finalizado,finalizado,3,mejora edilicia,2021,NA,-,-,-,NA,NA,NA
NA,x198,estados unidos 1721 (mudanza alicia),NA,NA,NA,NA,NA,"instalación eléctrica completa, retiro de instalación de gas,  pintura completa, provision y colocacion de hoja de ventana faltante, reacondicionamiento gral de núcleos sanitarios, provision y colocacion de equipos a°a°, acondicionamiento de solados (pintura o limpieza), refuncionalización de area administrativa y señaletica y matafuegos.",finalizado,baja,f11,mejora edilicia,2023,NA,26/04/2023,24/8/2023,120,NA,NA,"$74.798.899,84"
NA,x198,gregorio araoz de lamadrid 676,NA,NA,NA,NA,NA,NA,finalizado,finalizado,f11,mejora edilicia,2021,NA,-,-,-,NA,NA,NA
NA,x199,sarmiento 4041,NA,NA,NA,NA,NA,solado de madera del gimnacio y revoques,licitación,licitación,f11,mejora edilicia,2024,NA,17/08/2023,15/12/2023,150,NA,NA,"$ 85.031.910,88"
NA,x200,santo domingo 4050,NA,NA,NA,NA,NA,NA,finalizado,finalizado,f11,mejora edilicia,2021,NA,-,-,-,NA,NA,NA
NA,x201,terrada 3983,NA,NA,NA,NA,NA,NA,finalizado,finalizado,f11,mejora edilicia,2021,NA,-,-,-,NA,NA,NA
x031,x202,polo lugano,NA,NA,NA,NA,NA,ifci - reparacion,fracasado,baja,433,mejora edilicia,2021,NA,04/03/2022,-,-,NA,NA,"$2.500.000,00"
NA,x204,san juan 1545,SI,SI,SI,NA,SI,"impermeabilizacion de todas las terrazas y cubiertas. tratamiento de patologias estructurales, hierros expuestos. tratamiento de humedad de cimientos. optimizacion en instalaciones pluvial.",finalizado,finalizado,f11,mejora edilicia,2022,100%,19/04/2022,07/07/2022,120,NA,4/12/2022,$ 13.566.984.79
NA,x206,gral. gregorio araoz de lamadrid 648,NA,NA,NA,NA,NA,"refuerzo de estructura en patio, revision estructural del edificio existente, adecuacion de mamposteria y pintura integral. sanitatios",en proyecto,en proyecto,f11,mejora edilicia,2024,NA,2/12/2023,31/3/2024,120,NA,29/7/2024,"$50.000.000,00"
NA,x209,mercedes 1405,NA,NA,NA,NA,NA,espacio de sombra - impermeabilizacion,licitación,licitación,f11,mejora edilicia,2024,NA,3/8/2023,1/12/2023,120,NA,30/3/2024,"$56.224.828,56"
NA,x210,11 de septiembre de 1888 3451,NA,NA,NA,NA,NA,"historica, arreglo de carpinterias, fachadas, patios, ie completa, pintura y adecuacion de casa del casero. puesta en valor de sanitarios y fisuras varias. catalogacion -  intervencion en subsuelo por ingreso de agua de napa",en proyecto,en instalaciones,f11,mejora edilicia,2024,NA,2/1/2024,1/5/2024,240,NA,27/12/2024,"$282.000.000,00"
NA,x211,combatientes de malvinas 3234,NA,NA,NA,NA,NA,instalacion electrica,en obra,en obra,f11,mejora edilicia,2024,0%,15/5/2023,1/9/2023,150,NA,29/1/2024,"$ 54.450.127,64"
NA,x212,avda. larrazabal 420,NA,NA,NA,NA,NA,instalacion electrica,licitación,licitación,f11,mejora edilicia,2024,NA,27/7/2023,24/11/2023,150,NA,22/4/2024,"$ 105.886.263,20"
NA,x215,itaqui 2050 / charrua 2850,NA,NA,NA,NA,NA,"instalacion electrica, termo, patio (arreglo de sus carpintrerias y muros), fachadas, sellado de lucarnas y pintura",en proyecto,en proyecto,f11,mejora edilicia,2024,NA,30/12/2023,28/04/2024,330,NA,24/3/2025,-
NA,x216,mariano acosta 2936,NA,NA,NA,NA,NA,plan mejora de  patio+ inst gas-calefaccion + cubierta  y reparacion de revoques y pintura en areas significativas,planificado,proximo a iniciar proyecto,f11,mejora edilicia,2024,NA,18/4/2024,16/8/2024,240,NA,13/4/2025,-
NA,x217,varela 1802   -daom,NA,NA,NA,NA,NA,instalacion de gas,licitación,licitación,f11,mejora edilicia,2024,NA,29/9/2023,15/01/2024,120,NA,14/5/2024,"$38.186.303,88"
NA,x218,magariños cervantes 5068- sala tableros,NA,NA,NA,NA,NA,construccion de sala de tableros para edesur,licitación,licitación,f11,mejora edilicia,2023,NA,15/08/2023,NA,60,-,14/01/2024,"$5.527.663,82"
NA,x218,magariños cervantes 5068- sala tableros,NA,NA,NA,NA,NA,construccion de sala de tableros para edesur,licitación,licitación,f11,mejora edilicia,2023,NA,15/08/2023,15/11/2023,60,-,14/01/2024,"$5.527.663,82"
NA,x219,mariano acosta 2976,NA,NA,NA,NA,NA,"mejora edilicia, reparacion de cubiertas, adecuacion de instalaciones sanitarias, electricas y pluvial. reparacion de muros y pintura integral",planificado,a iniciar proyecto,f11,mejora edilicia,2024,NA,09/05/2024,14/05/2024,300,NA,10/3/2025,"$275.000.000,00"
NA,x219,riobamba 623,NA,NA,NA,NA,NA,NA,finalizado,finalizado,f11,mejora edilicia,2021,NA,-,-,-,NA,NA,NA
NA,x220,carlos calvo 3176,NA,NA,NA,NA,NA,"plan mejora adecuacion aulas, revoques y carpinteria   + inst electrica  y pintura en areas significativas + accesibilidad plena - . intervención integral en baños.",en proyecto,en proyecto,f11,mejora edilicia,2024,NA,22/01/2024,21/05/2024,300,NA,17/3/2025,-
NA,x221,murguiondo 1568,NA,NA,NA,NA,NA,"plan mejora en   adecuacion  patio, inst gas-calefaccion ,electricidad  y  pintura en areas significativas",planificado,a iniciar proyecto,f11,mejora edilicia,2024,NA,11/1/2025,11/05/2025,270,NA,5/2/2026,-
NA,x222,humberto 1° 343,NA,NA,NA,NA,NA,"plan mejora de inst gas-calefaccion + cubierta , instalacion electrica, adecuacion sanitarios, reparacion revoques y pintura en areas significativas",en proyecto,en proyecto,f11,mejora edilicia,2024,NA,9/2/2024,8/6/2024,270,NA,5/3/2025,-
NA,x223,franco 2390,NA,NA,NA,NA,NA,plan mejora de  fachada+ patio+ carpinteria + sanitario + inst gas + inst electrica+ sanitario+ cubierta + revoques y pintura en areas significativas,planificado,a iniciar proyecto,f11,mejora edilicia,2024,NA,18/10/2024,15/02/2025,300,NA,12/12/2025,-
NA,x224,miguel sanchez 1050,NA,NA,NA,NA,NA,"plan mejora en   adecuacion   inst electrica, gas  , patio , muros ,carpinteria, sanitarios, cubierta  y  pintura en areas significativas",planificado,a iniciar proyecto,f11,mejora edilicia,2024,NA,14/03/2024,12/07/2024,210,NA,7/2/2025,-
NA,x225,w villafañe 1342,NA,NA,NA,NA,NA,"plan mejora en   adecuacion   inst electrica , patio , muros ,carpinteria, sanitarios, cubierta  y  pintura en areas significativas",planificado,a iniciar proyecto,f11,mejora edilicia,NA,NA,NA,NA,NA,NA,NA,-
NA,x226,av. lope de vega 2150,NA,NA,NA,NA,NA,NA,planificado,a iniciar proyecto,f11,mejora edilicia,NA,NA,NA,NA,NA,NA,NA,-
NA,x227,jose aaron salmun feijoo 1073,NA,NA,NA,NA,NA,plan mejora de patio + adecuacion pisos de madera+ muro con humedades+ carpinteria +prov agua+  inst electrica + y pintura en areas significativas. accesibilidad23,en proyecto,en proyecto,f11,mejora edilicia,2024,NA,22/1/2024,21/5/2024,360,NA,16/5/2025,-
NA,x228,braun menendez 260/manuel galvez 156,NA,NA,NA,NA,NA,"impermeabilización de azoteas. reparación de carpinterías existentes del primer piso con problemas de oxidación. pintura de rejas en planta alta, nivel a y b. reparaciones en fachadas de patio interno en planta baja:pintura y limpieza. intervención de solados – mal estado. demolición de mesadas en dos aulas del nivel inicial. provisión y colocación de bicicletero en el acceso del edificio. trabajos varios de jardinería en canteros. accesibilidad: provisión y colocación de ascensor para comunicar la planta baja y primer piso. ejecución de rampa para salvar un desnivel entre primer piso y la azotea.",planificado,a iniciar proyecto,f11,mejora edilicia,2024,NA,17/10/2024,14/2/2025,300,NA,11/12/2025,-
NA,x229,nahuel huapi 5740,NA,NA,NA,NA,NA,"adecuacion  inst  gas-calefaccion, patio , muros ,cubierta, acesibilidad basica, pintura  + salida independiente para inicial",planificado,proximo a iniciar proyecto,f11,mejora edilicia,2024,NA,NA,NA,NA,NA,NA,-
NA,x230,moreno 2135,NA,NA,NA,NA,NA,patios + muros+carpinterias+   inst electrica y pintura en areas significativas y evaluar posible crecimiento aulico. catalogacion?,planificado,a iniciar proyecto,f11,mejora edilicia,2024,NA,20/11/2024,20/3/2025,300,NA,14/1/2026,-
NA,x231,paseo colon 650,NA,NA,NA,NA,NA,"accesibilidad. pintura. impermeabilización en sector de aulas. instalación eléctrica: terminar obra rescindida de instalación eléctrica de talleres. termo
. terminar la obra eléctrica rescindida (instalación eléctrica de los talleres). adecuación de instalación de gas. instalación sanitaria (vestuariso)",en proyecto,en proyecto,f11,mejora edilicia,2024,NA,11/2/2024,10/6/2024,450,NA,3/9/2025,"$1.400.000.000,00"
NA,x232,la pampa 1240,NA,NA,NA,NA,NA,"plan mejora en   adecuacion fachada,  inst electrica , patios, fisuras , muros ,carpinteria , cubierta, sanitarios, cocina , reparacion de revoques y   pintura en areas significativas  // chequear catalogacion",planificado,a iniciar proyecto,f11,mejora edilicia,2024,NA,14/10/2024,11/2/2025,240,NA,9/10/2025,"$230.000.000,00"
NA,x233,guemes 3859,NA,NA,NA,NA,NA,"plan mejora edif historica adecuacion  inst electrica , gas-calefaccion patio , cubierta , reparacion revoques y pintura en areas significativas",planificado,a iniciar proyecto,f11,mejora edilicia,NA,NA,NA,NA,NA,NA,NA,-
NA,x234,riestra 5030,NA,NA,NA,NA,NA,"plan mejora en   adecuacion   cocina , comedor ,  cubierta  y reparacion revoques y pintura en areas significativas + evaluacion estado polideportivo.",planificado,a iniciar proyecto,f11,mejora edilicia,2024,NA,9/5/2024,06/09/2024,300,NA,3/7/2025,-
NA,x235,bruix 4620,NA,NA,NA,NA,NA,"adecuación de la instalación eléctrica. acondicionamiento de sanitarios. puesta en valor de carpinterías, parasoles y rejas. fisuras: reparación de mampostería y fisuras en aulas. patios: solados, muros, humedad ascendente. arreglo integral de patio de aire y luz. pintura general.",en proyecto,cyp,f11,mejora edilicia,2024,NA,24/11/2023,23/3/2024,210,NA,19/10/2024,"$281.250.000,00"
NA,x236,libertador 4903,NA,NA,NA,NA,NA,adecuacion de fachada+  patios + muros+carpinterias+   inst electrica + inst gas-calefacc y pintura en areas significativas evaluar posible mejora en pileta -instalaciones-. catalogación.,planificado,a iniciar proyecto,f11,mejora edilicia,2024,NA,20/9/2024,18/01/2025,360,NA,13/01/2026,-
NA,x237,obispo san alberto 2379,NA,NA,NA,NA,NA,"plan mejora edif historico adecuacion fachada+ patio+ cielorraso+ carpinteria+ inst gas-calefaccion + inst electrica + acond sanitarios y prov de agua , reparacion revoques y pintura en areas significativas +accesibilidad plena",planificado,a iniciar proyecto,f11,mejora edilicia,2024,NA,30/05/2024,27/09/2024,300,NA,24/7/2025,-
NA,x238,eeuu 1751  - reub independ,NA,NA,NA,NA,NA,NA,en proyecto,en proyecto,f11,mejora edilicia,2024,NA,31/12/2023,29/04/2024,240,NA,25/12/2024,"$350.000.000,00"
NA,x239,giribone 1961,NA,NA,NA,NA,NA,"plan mejora edilicia adecuacion patio, muro, carpinteria, cubierta  cubierta y  pintura en areas significativas + adecuacion gimnasio",planificado,a iniciar proyecto,f11,mejora edilicia,NA,NA,NA,NA,NA,NA,NA,-
NA,x240,la rioja 1846,NA,NA,NA,NA,NA,"muros, patio, carpinteria, inst electrica, prov agua, acc basica y pintura. catalogacion?",planificado,proximo a iniciar proyecto,f11,mejora edilicia,2024,NA,20/4/2024,18/08/2024,300,NA,14/6/2025,-
NA,x241,estados unidos 3141/uriburu 876,NA,NA,NA,NA,NA,"patios exteriore, sanitarios,  inst electrica , acond gas pintura y accesibilidad basica",planificado,a iniciar proyecto,f11,mejora edilicia,2024,NA,7/6/2024,05/10/2024,270,NA,02/07/2025,-
NA,x243,pico 2689,NA,NA,NA,NA,NA,plan mejora edif cacciatore adecuacion de patio+ carpinteria  + inst electrica+ instalacion termomecanica -   cubierta y pintura en areas significativas + polideportivo en terreno lindero. ver fachada ladrillos,planificado,proximo a iniciar proyecto,f11,mejora edilicia,2024,NA,29/07/2024,1/9/2023,270,NA,28/5/2024,"$477.000.000,00"
NA,x244,lambare 975,NA,NA,NA,NA,NA,"plan mejora en   adecuacion   inst electrica, cielorraso  , patio , muros ,carpinteria, cubierta  y  pintura en areas significativas",planificado,a iniciar proyecto,f11,mejora edilicia,NA,NA,NA,NA,NA,NA,NA,-
NA,x245,senillosa 650,NA,NA,NA,NA,NA,plan mejora de patio+terrazas +acond sanitarios+ prov agua+acc plena+ electrica y pintura en areas significativas,planificado,a iniciar proyecto,f11,mejora edilicia,2024,NA,30/7/2024,27/11/2024,360,NA,22/11/2025,-
NA,x246,lascano 4044,NA,NA,NA,NA,NA,"adecuacion de patios, arreglo de muros, istalacion de gas y electrica, sanitarios, accesibilidad basica y pintura - cubierta móvil en nivel inicial, rehacer. la escuela solicita ampliación comedor",en proyecto,en proyecto,f11,mejora edilicia,2024,NA,13/12/2023,11/4/2024,270,NA,6/1/2025,-
NA,x247,julian alvarez 123,NA,NA,NA,NA,NA,instalación electrica y pintura,planificado,a iniciar proyecto,f11,mejora edilicia,2024,NA,30/3/2025,1/9/2023,240,NA,28/4/2024,"$176.000.000,00"
NA,x250,california 1925,NA,NA,NA,NA,NA,"plan mejora en   adecuacion   inst electrica , patio , muros ,carpinteria  y  pintura en areas significativas",planificado,a iniciar proyecto,f11,mejora edilicia,2024,NA,17/10/2024,14/02/2025,300,NA,11/12/2025,NA
NA,x251,nicolas descalzi 5425,NA,NA,NA,NA,NA,plan mejora patio+ cielorraso+carpinteria+ inst gas y calefaccion+ sanitario+ cubierta + reparacion revoques y pintura en areas significativas,planificado,a iniciar proyecto,f11,mejora edilicia,NA,NA,NA,NA,NA,NA,NA,-
NA,x252,el salvador 5528/humboldt 1750,NA,NA,NA,NA,NA,"adecuacion de patio, carpinterias, sanitarios, inst gas y electrica, pintura (hay sdf)",planificado,a iniciar proyecto,f11,mejora edilicia,2024,NA,2/9/2024,31/12/2024,360,NA,26/12/2025,NA
NA,x253,roseti 1450,NA,NA,NA,NA,NA,"plan mejora en   adecuacion   cocina , comedor ,  cubierta  y reparacion revoques y pintura en areas significativas + evaluacion estado polideportivo. acustizar comedor.",planificado,a iniciar proyecto,f11,mejora edilicia,2024,NA,9/7/2024,6/11/2024,270,NA,3/8/2025,NA
NA,x254,entre rios 1341,NA,NA,NA,NA,NA,"adecuacion  calefaccion, inst electrica , patio , muros ,cubierta, acesibilidad basica  , pintura en areas significativas",planificado,a iniciar proyecto,f11,mejora edilicia,NA,NA,NA,NA,NA,NA,NA,NA
NA,x255,lafayette 1879,NA,NA,NA,NA,NA,"adecuacion de patios , inst electrica y pintura, rejas de seguridad",en proyecto,en proyecto,f11,mejora edilicia,2024,NA,19/11/2023,18/03/2024,270,NA,13/12/2024,-
NA,x257,andonaegui 1532,NA,NA,NA,NA,NA,"sentencia judicial: ampliacion comedor, 3 aulas",licitación,licitación,f11,mejora edilicia,2024,NA,20/09/2023,18/01/2024,365,NA,16/2/2025,"$307.375.179,69"
NA,x258,urquiza 227,NA,NA,NA,NA,NA,"restauracion, pintura, sanitarias, carpinterias",planificado,a iniciar proyecto,f11,mejora edilicia,2024,NA,26/08/2024,24/12/2024,360,NA,19/12/2025,"$450.000.000,00"
NA,x259,25 de mayo 444  (ex itba),NA,NA,NA,NA,NA,acodicionamiento para delegaciones  + profesorado,finalizado,finalizado,dgar,mejora edilicia,2024,NA,8/10/2023,7/11/2023,90,NA,5/2/2024,NA
NA,x260,rondeau 2751 - bernasconi,NA,NA,NA,NA,NA,instalacion termomecanica,en obra,en obra,f11,mejora edilicia,2024,0%,NA,NA,NA,NA,NA,NA
NA,x261,libertad 581,NA,NA,NA,NA,NA,"segunda etapa freno de deterioro (escuela patrimoniada): restauración de las fachadas interiores (patios). reparación de los revoques en paramentos interiores (circulaciones) afectados por humedad
de cimientos. reparación de cielorrasos dañados por humedad.  restauracion de zócalos perimetral de marmol, solados, escaleras principales, carpinterias y herrerias. reacondicionamiento de aulas de jardín de infante. colocacion de una rampa para dar accesibilidad. adecuación de la instalación eléctrica de baja tensión y muy baja tensión, en planta baja y en
primer piso",planificado,a iniciar proyecto,f11,mejora edilicia,2024,NA,09/01/2025,9/5/2025,360,NA,4/5/2026,"$450.000.000,00"
NA,x262,parque de la ciudad -  avda. f.f. de la cruz s/n,NA,NA,NA,NA,NA,"rejas, provision de cable y parquizacion",licitación,licitación,f11,mejora edilicia,2024,NA,29/11/2022,29/03/2023,60,NA,NA,"$95.772.377,60"
NA,x262,parque de la ciudad -  avda. f.f. de la cruz s/n,NA,NA,NA,NA,NA,provision e instalacion de cable,fracasado,baja,f11,mejora edilicia,2023,NA,NA,1/2/2023,120,NA,1/6/2023,"$35.794.537,33"
NA,x263,alvarez jonte 4651,NA,NA,NA,NA,NA,"cubierta, pintura, cielorrasos, revoques, electrica, calefaccion",planificado,a iniciar proyecto,f11,mejora edilicia,2024,NA,30/8/2024,28/12/2024,270,NA,24/9/2025,"$350.000.000,00"
NA,x267,fernandez de la cruz 3605,NA,NA,NA,NA,NA,conexion de instalacion de gas (medidor y conexion)+ habilitacion y puesta en marcha sistema de calefaccion,en obra,en obra,433,mejora edilicia,2023,NA,22/06/2023,NA,60,NA,NA,"$ 2.000.280,09"
NA,x299,dellepiane 4750 / castañares 4689,NA,NA,NA,NA,NA,"adecuacion de instalacion electrica, cubiertas y carpinterias",planificado,a iniciar proyecto,f11,mejora edilicia,2024,NA,9/8/2024,7/12/2024,300,NA,3/10/2025,"$360.000.000,00"
NA,x301,pinto 3910 - freire 4060,NA,NA,NA,NA,NA,"cocina, comedor, cubieta adecuacion sanitarios y ampliacion nivel inicial. pintura integral",en proyecto,en proyecto,f11,mejora edilicia,2024,NA,18/2/2024,17/6/2024,420,NA,11/8/2025,"$450.000.000,00"
NA,x304,carhue 2970,NA,NA,NA,NA,NA,"mejora de estructura, reparacion de fisuras, revoques y pintura, accesibilidad",planificado,a iniciar proyecto,f11,mejora edilicia,2024,NA,8/7/2024,5/11/2024,360,NA,31/10/2025,"$150.000.000,00"
NA,x305,soldado de la frontera  5155,NA,NA,NA,NA,NA,"sanitarios, cubierta, pintura general",planificado,a iniciar proyecto,f11,mejora edilicia,2024,NA,23/6/2024,21/10/2024,270,NA,18/7/2025,"$300.000.000,00"
NA,x308,polideportivo lascano  x 2,NA,NA,NA,NA,NA,"adecuacion de playon polideportivo para primaria y media sobre terreno lateral y relleno de pileta existente en sector inicial para patio exterior, instalacion electrica exterior pintura de canchas",planificado,a iniciar proyecto,f11,mejora edilicia,2024,NA,10/11/2024,10/3/2025,270,NA,5/12/2025,"$300.000.000,00"
NA,x309,pichincha 1873,NA,NA,NA,NA,NA,"fachadas, pintura general, adecuacion sanitarios, patios, instalacion electrica y calefaccion",planificado,a iniciar proyecto,f11,mejora edilicia,2024,NA,15/1/2025,15/5/2025,270,NA,9/2/2026,"$350.000.000,00"
