n_proyecto,direccion,cui,estado_actual,estado_a_fin_de_obra,intervenciones,presupuesto_estimado,presupuesto_final,estado,subestado,fuente,pase_dgar,inicio_obra,plazo_obra,ampliacion_de_plazo,avance_de_obra,fin_obra,expediente,eje
x001,MOM 2358,0200865,BUENO,BUENO,"Instalacion electrica completa, aa en patio central",NA,"$11.125.823,97",Finalizado,finalizado,F11,7/7/2022,NA,90,NA,100%,19/1/2023,NA,Mejora Edilicia
x002,GIRARDOT 1946,0200659,REGULAR,BUENO,Instalacion electrica completa,NA,"$ 24.726.802,64",En Obra,en obra,F11,7/7/2022,NA,90,NA,49%,30/6/2023,NA,Mejora Edilicia
x003,LAVALLE 2386 / 2366,0200010,REGULAR,BUENO,"Impermeabilización en el patio descubierto y el local sanitario de 1° piso y el reemplazo de los desagües
Cloacales en el sector; el mejoramiento sanitarios de alumnos/as presentes; ejecución de rampas que salven diversos desniveles existentes en la planta baja;  pintura y revoques en diversos locales interiores (espacios áulicos y circulaciones)
Mejoramiento integral de los patios descubiertos del edificio. Instalación eléctrica de baja tensión y de muy baja tensión.",NA,"$105.856.827,00",En Obra,en obra,F11,23/8/2022,NA,210,NA,30%,18/8/2023,NA,Mejora Edilicia
x004,TEODORO GARCIA 3871,0200684,NA,NA,"Instalacion electrica completa, instalacion contra incendios",NA,"$ 160.149.498,32",Licitación,licitación,F11,26/12/2022,NA,270,NA,NA,27/3/2024,EX-2022-46105604- -GCABA-DGINFE,Mejora Edilicia
x005,AVDA. CONGRESO 3045,0200510,BUENO,BUENO,Instalacion electrica completa,-,"$ 70.547.510,65",Licitación,licitación,F11,24/4/2023,NA,150,X,NA,19/1/2024,EX-2023-15757503- -GCABA-DGINFE,Mejora Edilicia
x006,HUMBOLDT 742,0200458,BUENO,BUENO,Instalacion electrica completa,NA,"$ 90.075.851,39",Licitación,licitacion,F11,12/6/2023,NA,150,X,NA,Esperando corrección de fecha,EX-2023-22205936- -GCABA-DGINFE,Mejora Edilicia
x007,Avda. Triunvirato 4247,0200715,BUENO,BUENO,Reparacion de cubierta (fondos covid),-,-,Planificado,relicitar proyecto,F11,24/8/2024,NA,Sin plazo,X,NA,Esperando corrección de fecha,NA,Mejora Edilicia
x008,CHACABUCO 922,0200138,REGULAR,NA,Refacción sanitarios y restauración de cubierta,NA,"$ 18.086.962,04",Licitación,licitación,F11,07/02/2023,NA,180,NA,NA,11/1/2024,EX-2023-06352830- -GCABA-DGINFE,Mejora Edilicia
x010,SANTO TOME  4529,0200818,BUENO,BUENO,Nuevo sanitario para adultos y adecuación del sanitario de inicial. Motorización de cubierta parabólica corrediza.,-,NA,Planificado,relicitar proyecto,F11,NA,NA,Sin plazo,X,NA,Esperando corrección de fecha,NA,Mejora Edilicia
x015,PIO COLLIVADINO 436,0200643,BUENO,BUENO,"Adecuación de sanitarios e incorporación del sanitario para personas con movilidad reducida.
Restauración, conservación y tratamiento de prevención de las fachadas del edificio
Reparación / recomposición de los revoques en paramentos interiores afectados por humedad de cimientos, cielorrasos armados de yeso y solados.
Restauración de carpinterías y herrerías (puertas, ventanas, postigos, celosías y rejas de protección).
Pintura general de paramentos interiores y cielorrasos de todos los locales del establecimiento
Adecuación de instalación eléctrica a normativas vigentes, ejecución de instalación sanitaria nueva para los núcleos sanitarios, instalación pluvial.
Reinstalación de cañerías de gas exteriores en el interior del edificio.",NA,$188.147.656,Licitación,licitación,F11,02/01/2023,NA,365,NA,NA,31/7/2024,EX-2022-47182283- -GCABA-DGINFE,Mejora Edilicia
x016,BERON DE ASTRADA 5920,0200953,REGULAR,BUENO,"Adecuacion accesibilidad y electrica, incendio, pintura interior + ver cd patio",NA,NA,En Proyecto,corporacion sur,F11,NA,NA,Sin plazo,X,NA,Esperando corrección de fecha,NA,CORP SUR
x017,ARCE 611,0200447,MUY BUENO,MUY BUENO,Re ajuste aulas y ampliacion sala de 3. Casa casero?,-,"$ 87.399.063,88",Licitación,licitacion,F11,5/7/2023,NA,120,X,NA,Esperando corrección de fecha,EX-2023- EX-2023-24401322- -GCABA-DGINFE,Mejora Edilicia
x018,AVDA. CASEROS 1555,0200251,NA,NA,Impermeabilización de techos,NA,"$ 27.798.016,73",En Obra,en obra,F11,28/02/2023,NA,150,NA,0%,25/11/2023,EX-2023-07701597-GCABA-DGINFE,Mejora Edilicia
x019,MORON 3745,0200601,NA,NA,"Acondicionamiento de cubierta, sanitarios, cocina  inst electrica gas, piso, cielorraso. Arreglo de revoque patio. Adecuacion pintura interior de areas significantes y",NA,"$ 127.099.297,01",Licitación,licitación,F11,02/12/2022,NA,270,NA,NA,27/3/2024,EX-2022-44042246- -GCABA-DGINFE,Mejora Edilicia
x020,RONDEAU 2751 - BERNASCONI,0200312,NA,NA,Freno de deterioro en fachadas exteriores e interiores,NA,"$305.717.923,68",Licitación,licitación,F11,2/2/2023,NA,720,NA,NA,4/8/2025,EX-2023-05772890- -GCABA-DGINFE,Mejora Edilicia
x021,JURAMENTO 4849,0200707,REGULAR,BUENO,Impermeabilización e inst electrica completa,-,"$ 107.941.827,74",Licitación,licitacion,F11,16/6/2023,NA,150,X,NA,Esperando corrección de fecha,EX-2023-22488104- -GCABA-DGINFE,Mejora Edilicia
x022,AVDA. SANTA FE 1510,0200003,NA,NA,"Patios, freno de deterioro en las fachadas.",NA,$72.051.211.52,En Obra,en obra,F11,01/12/2022,NA,240,NA,0%,29/2/2024,EX-2022-44084898- -GCABA-DGINFE,Mejora Edilicia
x023,SAN JUAN 1545,0200137,REGULAR,BUENO,"Se realizará la reparación de revoques, filtraciones y trabajos de pintura. Instalación eléctrica completa.",$61.000.000,-,En Proyecto,en proyecto,F11,18/10/2023,NA,Sin plazo,X,NA,Esperando corrección de fecha,NA,Mejora Edilicia
x024,24 DE NOVIEMBRE 1536,0200300,REGULAR,BUENO,"Accesibilidad, ascensor, instalacion electrica completa",NA,"$68.344.565,00",En Obra,en obra,F14 P37,NA,NA,240,NA,90%,22/6/2023,NA,Mejora Edilicia
x025,PARAGUAY 1950,0200029,BUENO,BUENO,Impermeabilizacion,NA,"$77.506.254,00",En Obra,en obra,F14 P37,NA,NA,240,NA,94%,30/6/2023,NA,Mejora Edilicia
x026,LIBERTAD 581,0200007,REGULAR,BUENO,"Freno de deterioro (escuela patrimoniada): restauración de las fachadas interiores (patios). Reparación de los revoques en paramentos interiores (circulaciones) afectados por humedad
De cimientos. Reparación de cielorrasos dañados por humedad.  Restauracion de zócalos perimetral de marmol, solados, escaleras principales, carpinterias y herrerias. Reacondicionamiento de aulas de jardín de infante. Colocacion de una rampa para dar accesibilidad. Adecuación de la instalación eléctrica de baja tensión y muy baja tensión, en planta baja y en
Primer piso",NA,"$67.044.161,00",Finalizado,finalizado,F11,NA,NA,270,NA,100%,31/5/2023,NA,Mejora Edilicia
x027,ESTADOS UNIDOS 1228 (5to),01228EU,NO APLICA,NO APLICA,Obra de finalizacion 5to piso dginfe,NA,"$19.520.019,30",Finalizado,neutralizada,F11,NA,NA,60,30,100%,10/8/2022,NA,Mejora Edilicia
x028,AVDA. JOSE MARIA MORENO 345,0200425,BUENO,BUENO,"Accesibilidad, ascensor. (amparo)",NA,"$17.821.000,00",Finalizado,finalizado,F11,NA,NA,210,60,100%,12/6/2022,NA,Mejora Edilicia
x029,TANDIL 6690,0200902,REGULAR,BUENO,"Accesibilidad, ascensor.",NA,"$12.226.784,76",Finalizado,finalizado,F11,NA,NA,180,183,100%,17/1/2023,NA,Mejora Edilicia
x030,AVDA. ALVAREZ JONTE 5075,0200829,BUENO,BUENO,Instalacion electrica completa,NA,"$26.157.164,59",Finalizado,finalizado,F14 P37,NA,NA,120,45,100%,31/1/2023,NA,Mejora Edilicia
x031,LAVALLE 1681,0200025,REGULAR,BUENO,"Mejora edilicia, instalacion electrica completa",NA,"$ 81.733.907,89",En Obra,en obra,F11,NA,NA,300,NA,86%,13/6/2023,NA,Mejora Edilicia
x032,AVDA. ENTRE RIOS 757,0200139,REGULAR,BUENO,"Instalacion electrica completa, impermeabilizacion, mejoras varias en el edificio",NA,"$89.300.252,00",En Obra,en obra,F11,NA,NA,210,210,61%,PARA RESCINDIR,PARA RESCINDIR,Mejora Edilicia
x033,AVDA. SALVADOR MARIA DEL CARRIL 3650,0200788,REGULAR,BUENO,"Restauración y puesta en valor de fachadas externas e internas (patio) -
Restauración de revoques en general, cielorrasos, solados, cambio de cubierta
De tejas coloniales, reacondicionamiento de locales en 1º piso, instalaciones eléctricas , sanitarias y termomecánicas",NA,"$86.810.548,23",En Obra,en obra,F11,4/8/2021,NA,270,83,90%,NEUTRALIZADA,NEUTRALIZADA,Mejora Edilicia
x034,ARCAMENDIA 743,0200259,REGULAR,BUENO,"Instalacion electrica completa, impermeabilizacion, restauracion de un sector de fachada",NA,"$94.738.009,00",En Obra,en obra,F11,NA,NA,365,75,80%,30/6/2023,NA,Mejora Edilicia
x035,AVDA. PASEO COLON 650,0200195,BUENO,BUENO,Instalacion electrica completa sector talleres,NA,"$58.814.916,00",En Obra,en obra,F11,NA,NA,180,180,66%,PARA RESCINDIR,NA,Mejora Edilicia
x036,AV DEL LIBERTADOR 8635,0200528,BUENO,BUENO,Sanitarios. (Fondos covid),NA,"$6.834.478,41",Finalizado,finalizado,F14 (COVID),NA,NA,120,30,100%,15/1/2023,NA,Mejora Edilicia
x037,JUJUY 255,0200322,BUENO,BUENO,Sanitarios. (Fondos inet),NA,"$ 13.441.665,36",En Obra,en obra,F14,17/10/2022,NA,120,NA,19%,1/8/2023,NA,Mejora Edilicia
x038,Gral. Enrique Martinez 1432,0200670,REGULAR,BUENO,Plan obras covid comedor,NA,"$4.411.382,73",Finalizado,finalizado,F14 (COVID),NA,NA,60,NA,100%,10/9/2022,NA,Mejora Edilicia
x039,MEXICO 1627,0200146,BUENO,BUENO,Sanitarios. (Fondos covid),NA,"$7.922.833,89",Finalizado,finalizado,F14,NA,NA,150,NA,100%,1/3/2023,NA,Mejora Edilicia
x040,NAVARRO 4344,0200790,REGULAR,BUENO,"Sanitarios, electricidad, accesibilidad y preceptoria",NA,"$56.429.389,00",En Obra,en obra,F11,NA,NA,180,90,76%,30/6/23,NA,Mejora Edilicia
x041,OLIDEN 2855,0200629,REGULAR,MUY BUENO,"Etapa 2022-23 adecuación instalación eléctrica e incendio, accesibilidad básica con pintura en áreas significativas",NA,"$166.054.565,00",En Obra,en obra,F11,27/4/2022,NA,360,NA,8%,23/12/2023,NA,Mejora Edilicia
x042,RAMSAY 2250,0200519,REGULAR,BUENO,"Etapa 2022-23 adecuación de cubierta, instalación eléctrica",NA,"$86.686.411,00",En Obra,en obra,F11,11/5/2022,NA,180,NA,14%,30/8/2023,NA,Mejora Edilicia
x043,AVDA. GRAL. IRIARTE 3880,0200261,BUENO,BUENO,Traslado de aulas modulares + adecuación y tendido elect,NA,"$34.094.710,78",En Obra,en obra,F11,18/11/2021,NA,240,NA,44%,30/6/2023,NA,Mejora Edilicia
x044,JUNCAL 3251 / adicional proyecto aula,0200028,MUY BUENO,MUY BUENO,"Nuevo ascensor exterior - aumento caudal, reserva sanitaria",NA,"$ 15.232.617,67",En Obra,en obra,F11,22/10/2021,NA,180,120,82%,30/6/2023,NA,Mejora Edilicia
x045,YRUPE 6835,0200916,BUENO,BUENO,Ampliación de nucleos sanitarios / ampliacion del comedor / instalacion electrica del jardin,NA,"$ 101.206.554,82",Licitación,licitación,F11,16/1/2023,NA,210,NA,NA,17/3/2024,EX-2022-46262506- -GCABA-DGINFE,Mejora Edilicia
x046,AVDA. JUJUY 780,0200320,BUENO,BUENO,Cambio de chapas y pintura,NA,"$ 28.313.456,44",Finalizado,finalizado,F11,13/7/2022,NA,90,NA,100%,20/4/2023,NA,Mejora Edilicia
x047,AVDA. PTE. MANUEL QUINTANA 31,0200002,BUENO,BUENO,Acondicionamiento de fachadas/ adecuacion de supervision de1,NA,"$143.019.856,00",En Obra,en obra,F11,7/3/2022,NA,270,NA,13%,23/10/2023,NA,Mejora Edilicia
x048,VALLEJOS 2555 CAF,0200755,REGULAR,BUENO,"Etapa i2020 adecuacion espacios aulicos y ampliacion comedor pintura, accesibilidad",NA,"$ 58.754.054,88",Licitación,f14 - caf - rescindio,F14,31/10/2022,01/07/2023 - rescindido,180,X,NA,28/12/2023,EX-2022-38726115 -GCABA-DGINFE,Mejora Edilicia
x049,JOSE ANTONIO CABRERA 3430,0200085,REGULAR,BUENO,Reparaciones varias. Mejoras en núcleos sanitarios. Ejecución cuña desmontable. Tratamiento de humedad de cimientos. Trabajos sanitarios. Instalación eléctrica,NA,"$30.052.943,33",En Obra,en obra,F11,9/12/2021,NA,240,NA,90%,30/6/2023,NA,Mejora Edilicia
x050,AVDA. SANTA FE 5039,0200445,BUENO,BUENO,Instalación eléctrica,NA,"$65.295.070,00",En Obra,en obra,F11,26/11/2021,NA,120,60,83%,30/6/2023,NA,Mejora Edilicia
x051,AVDA. FRANCISCO BEIRO 4418,0200798,REGULAR,BUENO,"Cielorrasos, instalación iluminacion (taller de cerámica), puesta en valor y refuncionalizacion de la ex vivienda del casero y depositos en pb, carpinterías, instal elect, pintura",NA,"$ 35.284.539,66",En Obra,en obra,F11,24/11/2021,NA,180,NA,49%,30/6/2023,NA,Mejora Edilicia
x052,AVDA. LARRAZABAL 420,0200906,BUENO,BUENO,"Reparación en cubiertas, impermeabilización.",NA,"$ 29.352.835,14",En Obra,en obra,F11,16/6/2022,NA,150,NA,67%,30/6/2023,NA,Mejora Edilicia
x053,POLO SAAVEDRA,0202188,MUY BUENO,MUY BUENO,"Terminación vestuarios, pileta, sanitarios, estacionamiento, parquizado",NA,"$429.716.900,00",En Obra,en obra,F11,5/9/2022,NA,330,NA,7%,16/12/2023,NA,Mejora Edilicia
x054,ECHEVERRIA 5034,0200708,REGULAR,BUENO,"Demoliciones varias, reparaciones y provisión de nuevas carpinterías (herreria), accesibilidad basica, sanitario adaptado, patio, pintura gral.",NA,"$ 13.032.053,54",En Obra,en obra,F11,19/3/2022,NA,120,60,90%,30/6/2023,NA,Mejora Edilicia
x055,AYACUCHO 632 / PERU 1236 ASCENSORES,0201863,BUENO,BUENO,Adecuacion y puesto funcionamiento elevadores,NA,"$ 41.291.383,66",En Obra,en obra,F11,22/7/2022,NA,120,NA,69%,30/7/2023,NA,Mejora Edilicia
x056,ALMTE. FRANCISCO J. SEGUI 2580,0200666,REGULAR,BUENO,"Biblioteca, sala maestros, filtraciones",NA,"$ 12.991.258,81",Finalizado,finalizado,F11,19/5/2022,NA,120,NA,100%,23/2/2023,NA,Mejora Edilicia
x057,CUZCO 116,0200821,REGULAR,BUENO,Cambio de cubiertas. Reacondicionamiento sanitario. Reparaciones varias. Pintura. Instalacion electrica completa,NA,"$ 48.586.390,82",En Obra,en obra,F11,27/12/2021,NA,270,NA,80%,30/6/2023,NA,Mejora Edilicia
x058,AVDA. CURAPALIGUE 1150,0200428,BUENO,BUENO,Refaccion integral edilicia accesibilidad plena carpinteria y pintura patio,NA,"$ 236.690.811,52",Licitación,licitación,F11,13/6/2023,NA,240,NA,NA,Esperando corrección de fecha,EX-2023-19719216- -GCABA-DGINFE,Mejora Edilicia
x059,FITZ ROY 171,0200665,REGULAR,BUENO,"Accesibilidad basica,  cubierta, pintura hall y patio. Instalacion electrica completa",$ 45.000.000,"$102.417.254,07",Licitación,licitación,F11,2/5/2023,NA,240,X,NA,26/4/2024,EX-2023-16016711- -GCABA-DGINFE,Mejora Edilicia
x060,AVDA. SAN JUAN 2277,0200136,REGULAR,BUENO,Proyecto de accesibilidad y pintura general. Agregar impermeabilización. Expediente: construccion de galeria en patio para paso (jardin),$ 60.000.000,-,Planificado,banco de proyectos,F11,7/1/2024,NA,330,X,NA,Esperando corrección de fecha,NA,Mejora Edilicia
x061,CARLOS CALVO 3150 - LA RIOJA 1042,0200326,REGULAR,BUENO,2 aulas de jardín. Accesibilidad plena adecuacion pintura acceso y circulaciones. Casa casero,NA,"$ 125.052.938,19",Licitación,licitación,F11,17/1/2023,NA,300,NA,NA,10/6/2024,EX-2023-03175368- -GCABA-DGINFE,Mejora Edilicia
x062,LOS PATOS 3004,0202179,MUY BUENO,MUY BUENO,"Ampliacion de 2 salas con sus respectivos sanitarios (50 m2), un área gestión conformada por 4 oficinas y un comedor con una superficie de 106 m2.",NA,"$ 98.594.743,81",Licitación,licitacion,F11,8/6/2023,NA,240,X,NA,2/6/2024,EX-2023-19793637- -GCABA-DGINFE,Mejora Edilicia
x063,MERCEDES 4002 - G1,0200794,BUENO,BUENO,", Adecuacion de cubierta, pluviales, carpinteria. Arreglo de revoques en aulas y patio. Adecuacion pintura interior de areas significantes y patio. Agregar sdf",NA,"$ 252.712.970,48",Licitación,licitacion,F11,26/6/2023,NA,360,NA,NA,Esperando corrección de fecha,EX-2023-22081509- -GCABA-DGINFE,Mejora Edilicia
x064,JUAN CARLOS GOMEZ 253,0200253,REGULAR,BUENO,"Acondicionamiento inst electrica incendio, carpinteria arreglo de revoque y piso patio + adecuacion casa casero para re ubicación aula adecuacion pintura interior pasillos (dgmesc pintaria aulas ) y areas significantes  + patio y fachada",NA,"$67.527.137,00",En Obra,en obra,F11,7/7/2022,NA,180,NA,42%,31/8/2023,NA,Mejora Edilicia
x065,CHILE 1626,0200123,REGULAR,BUENO,"Etapa 2022-23 adecuación de cubierta, patio, instalación eléctrica completa (amparo) y pintura",$ 45.000.000,-,En Proyecto,cyp,F11,24/7/2023,NA,300,X,NA,Esperando corrección de fecha,NA,Mejora Edilicia
x066,PELLEGRINI 1515,0200032,BUENO,BUENO,Puesta en valor del sum y accesibilidad basica,NA,"$ 91.749.090,44",En Obra,en obra,F11,17/10/2022,NA,210,NA,2%,1/10/2023,NA,Mejora Edilicia
x067,AVDA. SAN PEDRITO 1415,0200552,BUENO,BUENO,"Ejecución ampliación y remodelación jic (tal como esta previsto en el proyecto). Ejecución de solados patios descubiertos los que deberían incluir el sector que hoy se encuentra con terreno absorbente, desnivelado y con cascotes. Construcción de un semicubierto para utilizar como gimnasio. Trabajos en muros perimetrales ya que al ser terreno de relleno se producen desplazamientos constantemente, sumado a la rotura de llos mismo por los arboles. Idem rejas perimetrales. Pintura de herrerías (parasoles, protecciones y carpinterías de chapa y hierro ángulo). Puesta en marcha sistema de ventilación (posee los conductos pero solo funciona la calefacción, al ser muy vidriado el edificio los espacios comunes se transforman en grandes hornos, y las aulas poseen poca ventilación al ser de apertura de proyección)",$ 45.000.000,-,Planificado,a iniciar proyecto,F11,1/5/2024,NA,270,X,NA,Esperando corrección de fecha,NA,Mejora Edilicia
x068,TTE. GRAL. JUAN DOMINGO PERON 1140,0200009,REGULAR,BUENO,"Adecuacion de cubierta , sanitario ,electricidad , cielorraso , carpinteria.  Arreglo de revoques  en aulas y patio .   Adecuacion pintura interior de areas significantes  y patio",$ 40.000.000,-,Planificado,banco de proyectos,F11,10/4/2024,NA,240,X,NA,Esperando corrección de fecha,NA,Mejora Edilicia
x069,HELGUERA 2435,0200777,REGULAR,BUENO,Accesibilidad básica. Puesta en valor de carpinterías (algunas sin vidrio de seguridad o policarbonato y elementos corroídos). Adecuación de instalación eléctrica. Acondicionamiento de la instalación de gas y termomecánic. Arreglo de humedad y revoques. Pintura,$ 30.000.000,-,En Proyecto,en proyecto,F11,28/9/2023,NA,180,X,NA,Esperando corrección de fecha,NA,Mejora Edilicia
x070,PEDRO LOZANO 3056,0200797,REGULAR,BUENO,Impermeabilizacion parcial y pintura de cielorrasos. Albañileria. Reparacion de escaleras. Humedad de cimientos.,$ 30.000.000,"$ 188.184.977,22",En Proyecto,control doc,F11,3/7/2023,NA,300,NA,NA,Esperando corrección de fecha,EX-2023-23933864- -GCABA-DGINFE,Mejora Edilicia
x071,ROQUE PEREZ 3545 (amparo),0200508,BUENO,BUENO,"Amparo - accesibilidad plena (ascensor, baño de disca y reorganizacion de office, patio de jardin a pb). Instalacion electrica completa. Instalacion sanitaria.",$ 65.000.000,-,En Proyecto,proyecto,F11,16/8/2023,NA,270,X,NA,Esperando corrección de fecha,NA,Mejora Edilicia
x072,TRONADOR 4134,0200728,BUENO,BUENO,"Reparación de humedad de cimientos, reparación de las mamposterías afectadas y pintura integral. Impermeabilización de cubiertas, en sector con filtraciones y respiración de cielorrasos.
Acondicionamiento de baños",$ 25.000.000,NA,Planificado,banco de proyectos,F11,30/1/2024,NA,180,X,NA,Esperando corrección de fecha,NA,Mejora Edilicia
x073,AVDA. ANGEL GALLARDO 246,0200088,REGULAR,BUENO,"Restauracion patrimonial,impermeabilizacion, cielorrasos, acondicionamiento instalaciones y  pintura patios",NA,"$ 44.721.806,39",Fracasado,f14 - dgar,F14,12/7/2022,NA,240,NA,NA,Esperando corrección de fecha,EX-2022-24687313- -GCABA-DGINFE,Mejora Edilicia
x073,AVDA. ANGEL GALLARDO 246,0200088,REGULAR,BUENO,"Restauracion patrimonial,impermeabilizacion, cielorrasos, acondicionamiento instalaciones y  pintura patios",NA,NA,En Proyecto,proyecto,F11,9/9/2023,NA,240,X,NA,Esperando corrección de fecha,EX-2022-24687313- -GCABA-DGINFE,Mejora Edilicia
x074,CATAMARCA 462,0200298,BUENO,BUENO,Pintura general y arreglos de algunos sectores de revoque.,NA,"$14.302.497,40",Finalizado,finalizado,F14,25/07/2022,NA,90,NA,100%,11/4/2023,NA,Mejora Edilicia
x075,QUESADA 4357,0200729,REGULAR,BUENO,Acondicionamiento de pisos y cielorraso. Revision de instalacion electrica.  Provisión de agua. Arreglo de revoque en fachada internas. Adecuacion de sanitarios. pintura completa. Humedad de cimiento sobre medianera. Intervencion casa del casero.,$ 25.000.000,-,En Proyecto,cyp,F11,17/7/2023,NA,210,X,NA,Esperando corrección de fecha,NA,Mejora Edilicia
x076,AVDA. LARRAZABAL 4520 - G1,0200950,BUENO,BUENO,"Instalación eléctrica completa, filtraciones, cambio de parasoles, pintura general",$ 40.000.000,"$ 298.655.215,72",Licitación,licitacion,F11,26/6/2023,NA,360,NA,NA,Esperando corrección de fecha,EX-2023-22081509- -GCABA-DGINFE,Mejora Edilicia
x077,CUBA 2410 - G1,0200530,BUENO,BUENO,"Instalacion electrica y  termomecanica, filtracion por cubierta.",NA,"$327.495.765,25",Licitación,licitacion,F11,26/6/2023,NA,360,NA,NA,Esperando corrección de fecha,EX-2023-05630705- -GCABA-DGINFE,Mejora Edilicia
x078,CAMARGO 725,0200354,REGULAR,BUENO,"Acondicionamiento  de acc basica cubierta (nueva toda la cubierta del gym),inst electricidad,  incendio, cambio calera, prov agua , arreglos menores de revoques patio. pintura general.  Mobiliario para guardado",NA,"$ 123.399.625,01",En Obra,en obra,F11,12/9/2022,NA,180,NA,0%,11/11/2023,EX-2022- 32063179 -GCABA-DGINFE,Mejora Edilicia
x079,HUMBERTO Iº 3171,0200302,REGULAR,BUENO,"Acondicionamiento  de acc basica, sanitarios , inst electrica e incendio, prov de agua , cielorraso   , carpinteria ,arreglo patio y  muros con sus revoques. pintura  y patio",NA,"$205.148.895,05",Licitación,licitación,F11,17/4/2023,NA,300,NA,NA,27/6/2024,EX-2023-14712334- -GCABA-DGINFE,Mejora Edilicia
x080,AQUINO 6040,0200962,REGULAR,BUENO,"Instalacion electrica completa, remodelacion de nucleo sanitario en pb y nucleos sanitarios a nuevos en 1 y 2 piso. accesibilida plena (ascensor, solado rampante en gym y baño de disca en 2 piso). Ampliacion de 4 aulas (3 jin). pintura. calefaccion.",$ 40.000.000,-,En Proyecto,en proyecto/instalaciones,F11,26/8/2023,NA,-,X,NA,Esperando corrección de fecha,NA,Mejora Edilicia
x081,BESARES 2990,0200628,BUENO,BUENO,"Cubierta, carpinterias (madera, deterioradas), playon de acceso, puesta en valor sector original del edificio",-,-,Planificado,a iniciar proyecto,F11,5/5/2024,NA,180,X,NA,Esperando corrección de fecha,NA,Mejora Edilicia
x081,LACARRA 1135,0200628,BUENO,BUENO,"Cubierta, carpinterias (madera, deterioradas), playon de acceso, puesta en valor sector original del edificio",$ 30.000.000,-,Planificado,a iniciar proyecto,F11,4/9/2024,NA,Sin plazo,NA,NA,Esperando corrección de fecha,NA,Mejora Edilicia
x082,DON BOSCO 4200,0200412,REGULAR,BUENO,"Accesibilidad plena, sanitarios, freno de deterioro en fachada y puesta en valor de carpinterias, pintura, incendio (a definir)",$ 65.000.000,-,En Proyecto,en proyecto,F11,14/9/2023,NA,300,X,NA,Esperando corrección de fecha,NA,Mejora Edilicia
x083,AVDA. RIVADAVIA 3577,0200097,BUENO,BUENO,"Reparación de estructura y vitreaux en el salón de actos del 1º piso, sanitarios, carpinterias, instalacion electrica, pintura, fisuras en pb y ss. Pintura. Cubierta e impermeabilizacion.",$ 50.000.000,-,En Proyecto,en proyecto/instalaciones,F11,4/10/2023,NA,240,X,NA,Esperando corrección de fecha,NA,Mejora Edilicia
x084,CUBA 2039,0200496,BUENO,BUENO,"Sanitarios, cubierta, carpinterias y pintura",NA,"$131.838.373,32",Licitación,licitación,F11,27/2/2023,NA,210,NA,NA,5/2/2024,EX-2023-05771336-GCABA-DGINFE,Mejora Edilicia
x085,MOLDES 1858,0200497,BUENO,BUENO,"Sanitarios, patios, cubierta (impermeabilizacion y arreglos de cubierta parabolica), cielorrasos, puesta en valor de escalera y aulas. Ie completa. Supervision (patios, solados, carpinterias, sanitarios y sellado de lucarnas).",$ 35.000.000,-,En Proyecto,en proyecto/instalaciones,F11,4/9/2023,NA,210,X,NA,Esperando corrección de fecha,NA,Mejora Edilicia
x086,AVDA. CABILDO 3615,0200501,REGULAR,BUENO,"Sanitarios, impermeablizacion y pintura / ie completa",$ 40.000.000,-,Planificado,a iniciar proyecto,F11,25/12/2023,NA,240,X,NA,Esperando corrección de fecha,NA,Mejora Edilicia
x087,AVDA. DON PEDRO DE MENDOZA 1835,0200178,REGULAR,BUENO,"Acondicionamiento  de cubierta, instalacion sanitario, electrica e incendio. Arreglo de revoques menores en aulas.  Adecuacion pintura interior de areas significantes  y patio.",$ 98.800.000,-,En Proyecto,suspendido,F11,3/4/2024,NA,-,X,NA,Esperando corrección de fecha,NA,Mejora Edilicia
x088,AVELINO DIAZ 2356,0200568,BUENO,BUENO,"Evaluacion estructural de varias fisura (muros de aula, cocina y escaler). expte?
Plan mejora de patio+muros+acond gas-electricidad+ sanitarios y pintura en areas significativaspatios amerita mejora en pisos y pintura. Humedad ascendente en medianera de aulas y comedor. Acondicionamiento de cielorrasos dela circulación del primer piso. Acondicionamiento de instalacion electrica y termomecanica. Acondicionamiento del sanitarios del piso 1. La accesibilidad si bien es básica amerita resolución de algunos desniveles internos en sus recorridos.",-,-,Planificado,a iniciar proyecto,F11,9/12/2023,NA,270,X,NA,Esperando corrección de fecha,NA,Mejora Edilicia
x089,AYACUCHO 1680,0200001,BUENO,BUENO,"Fachadas (cambio de carpinterias y parasoles), nucleos sanitarios,(aula jines) mudanza de una sala, pintura completa, instalacion electrica y sanitario. Analizar instalacion termomecanica. red de proteccion en azotea.",$ 50.000.000,-,En Proyecto,en proyecto,F11,6/10/2023,NA,240,X,NA,Esperando corrección de fecha,NA,Mejora Edilicia
x090,DR. ANTONIO BERMEJO 6675 -MODULARES BERMEJO,0202391,NO APLICA,NO APLICA,Adaptacion de modulares en un cfp / acceso independiente / cambiar sanitarios / instalaciones/ aula,-,"$ 47.092.855,21",En Proyecto,a cerrar pliego,F11,26/6/2023,NA,180,X,NA,Esperando corrección de fecha,EX-2023-23076392- -GCABA-DGINFE,Mejora Edilicia
x091,GRAL. VENANCIO FLORES 3869,0200600,REGULAR,BUENO,Ampliación - rehabilitación parcial - instalación eléctrica,NA,"$78.558.808,00",En Obra,en obra,F11,03/02/2022,NA,300,NA,39%,28/8/2023,NA,Mejora Edilicia
x092,JUANA DE AZURDUY 2541,0200498,BUENO,BUENO,"Acond de sanitarios, prov de agua , carpinteria y pintura en areas sgnificativas",NA,"$ 78.540.321,55",Licitación,licitación,F11,2/2/2023,NA,300,NA,NA,10/6/2024,EX-2023-05772819- -GCABA-DGINFE,Mejora Edilicia
x093,2 DE ABRIL DE 1982 6950 - GOLETA SANTA CRUZ 6997,0200918,REGULAR,BUENO,"Carpinterías, cubierta y pintura en areas significativas",NA,"$ 222.519.817,56",Licitación,licitación,F11,17/06/2023,NA,210,NA,NA,Esperando corrección de fecha,EX-2022-32927431- -GCABA-DGINFE,Mejora Edilicia
x094,MENDOZA 1000,0200502,BUENO,BUENO,Accesibilidad plena. Acondicionamiento / recambio de carpinterías y herrajes. Subsanación de grietas en muros. Revestimiento de toda la fachada (se retiró parte del revestimiento de ladrillo original por desprendimiento) / contrapiso a nuevo del patio del comedor / detector de intrusos (alarma / amparo,NA,"$ 172.314.108,54",Licitación,licitación,F11,14/02/2023,NA,300,NA,NA,27/5/2024,EX-2023-05088322-GCABA-DGINFE,Mejora Edilicia
x095,RIVADAVIA 4950 - COMEDOR,0200427,REGULAR,BUENO,Creacion de un comedor,NA,"$ 80.229.731,43",En Obra,en obra,F11,30/11/2022,NA,210,NA,0%,28/12/2023,EX-2022-40597150- -GCABA-DGINFE,Mejora Edilicia
x096,NATATORIO ROMERO BREST,0200523,BUENO,BUENO,Adecuacion de pileta y sus instalaciones plan mejora de patio+muros+acond gas-electricidad+ sanitarios y pintura en areas significativas,$ 165.000.000,-,Planificado,a iniciar proyecto,F11,17/07/2024,NA,XXX,X,NA,Esperando corrección de fecha,NA,Mejora Edilicia
x097,ALVAREZ THOMAS 2253,0000000,NO APLICA,NO APLICA,"Completar: mamposterías, revoques y solados. Pintura completa. Provisión y colocación de carpinterías y herrerías. Completar instalaciones: eléctrica y sanitaria.ejecutar escalera a azotea (hormigón)",NA,"$ 77.013.940,81",Licitación,licitación,F11,13/02/2023,NA,330,NA,NA,26/6/2024,EX-2023-05737925-GCABA-DGINFE,Mejora Edilicia
x098,ROOSEVELT 1510,0200516,BUENO,BUENO,"Accesibilidad plena (ascensor en patio de planta baja), reutilizacion pb para conformar un aula y acondicionar baño de discapacitado (no funciona griferia y falta timbre) / amparo",NA,"$ 53.535.914,92",Licitación,licitación,F11,02/02/2023,NA,240,NA,NA,6/3/2024,EX-2023-05772934-GCABA-DGINFE,Mejora Edilicia
x099,BAHIA BLANCA 4025,0200801,NO APLICA,NO APLICA,"Refuncionalizacion edilicia: casa del casero en oficinas de la supervision. Accesibilidad basica, instalacion electrica completa, sanitaria y termomecanica.",$ 50.000.000,"$ 52.013.533,12",Licitación,licitación,F11,17/04/2023,NA,180,NA,NA,16/2/2024,EX-2023-14032175- -GCABA-DGINFE,Mejora Edilicia
x100,VILLA OLIMPICA - JOSE BENJAMIN ZUBIAUR 4180 Y 23 DE JUNIO 4155,0000000,NO APLICA,NO APLICA,"Sistema de alarma primaria, limpieza de terreno y cortinas. Ver posibilidad de incorporar mas tareas.",$ 70.000.000,"$ 414.271.095,70",En Proyecto,control doc,F11,17/06/2023,NA,300,X,NA,Esperando corrección de fecha,EX-2023-22595375- -GCABA-DGINFE,Mejora Edilicia
x102,LAMADRID 499,0200179,REGULAR,BUENO,"Historica. Fachada, patio, instalacion electrica,carpinterias,sanitarios y pintura",$ 79.000.000,-,Planificado,a iniciar proyecto,F11,26/01/2024,NA,270,X,NA,Esperando corrección de fecha,NA,Mejora Edilicia
x103,LACARRA 1151 Y AVDA. FRANCISCO BILBAO,0201864,BUENO,BUENO,"Fachadas exteriores (desprendimiento de pintura y revoques), humedad en subsuelo y levantamiento de solado, aulas en mal estado (placas de cielorraso faltantes, pinturas con grafitis), patio cubierto con filtración por cubierta de vidrio. Baños: filtración, faltante de cerámicos y artefactos de luz. pintura en general.",$ 28.000.000,"$193.375.773,70",Licitación,licitacion,F11,10/05/2023,NA,330,X,NA,2/8/2024,EX-2023-16512639- -GCABA-DGINFE,Mejora Edilicia
x104,LUIS VIALE 1052,0200369,REGULAR,BUENO,"Demolicion completa de contruccion en patio y trabajos de retiro de asbesto, accesibilidad  basica, cambio de carpinterias y cubierta  de galeria y paso que da al patio, nuevo nucleo sanitario en donde funcionaba la sala de maestro y sanitario adjunto. Demolicion de sanitarios en sum. Demolicion de parrilla y armado de lugar para gimnacio.  puesta en valor de sanitarios existentes y sala de auxiliares. Instalacion sanitaria (cambio de tanque bombeo) y adecuacion de instalacion electrica. Refuncionalizar casa del casero: cambio de cielorraso, puesta en valor del santario, cambio de carpinterias. Completamiento de medianera y arreglo de muro existente.",$ 18.000.000,-,En Proyecto,a pasar a cyp,F11,14/08/2023,NA,XXX,X,NA,Esperando corrección de fecha,NA,Mejora Edilicia
x105,GRAL URQUIZA 277,0200304,BUENO,BUENO,Casa de casero,NA,"$ 14.818.335,16",Licitación,licitación,F11,17/03/2023,NA,120,NA,NA,18/12/2023,EX-2023-11120643-GCABA-DGINFE,Mejora Edilicia
x106,JOSE CUBAS 4440,0200746,BUENO,BUENO,"Ie completa, accesibildiad (solo baño de discapacitados), impermeabilizacion, pintura y puesta envalor de casa del casero para uso administrativo.",$ 45.000.000,-,En Proyecto,en proyecto/instalaciones,F11,14/08/2023,NA,210,X,NA,Esperando corrección de fecha,NA,Mejora Edilicia
x107,TAMBORINI 3948 - PLANI,0200720,REGULAR,MUY BUENO,"Sanitarios, revoques, patios y pintura.",NA,"$ 60.242.413,56",Licitación,licitación,F11,08/02/2023,NA,180,NA,NA,19/12/2023,EX-2023-06139963-GCABA-DGINFE,Mejora Edilicia
x108,LIBERTADOR 4777,0200444,MUY BUENO,MUY BUENO,Electrica e incendio / amparo,NA,"$ 16.554.167,31",En Obra,en obra,F11,19/01/2023,NA,90,NA,0%%,2/10/2023,EX-2023-04145885-GCABA-DGINFE,Mejora Edilicia
x109,AYACUCHO 1849,0200016,BUENO,BUENO,Instalacion electrica,NA,-,En Proyecto,relicitar proyecto,F11,01/08/2023,NA,120,X,NA,19/3/2024,EX-2023-10133389-GCABA-DGINFE,Mejora Edilicia
x110,CARABOBO 253,0200563,BUENO,BUENO,Acondicionamiento de sanitarios pb y 1er. Pintura. Provision de piletones de acero inx. Acondicionamiento de solado en expansion descubierta del 2do piso. Creacion de sanitario para disca en pb. Rearmado de locales con tabiqueria en area de  pb. Colocacion de montaescalera en acceso (pb).,$ 55.000.000,"$ 35.559.575,36",Licitación,licitación,F11,17/04/2023,NA,150,NA,NA,12/1/2024,EX-2023-12513527- -GCABA-DGINFE,Mejora Edilicia
x111,PLANETARIO ASESORIA,00000GG,NO APLICA,NO APLICA,Asesoría,-,-,En Proyecto,en proyecto,F11,23/06/2023,NA,210,NA,NA,Esperando corrección de fecha,NA,Obra Nueva
x112,GURRUCHAGA  739,0200441,MUY BUENO,MUY BUENO,Instalacion electrica,NA,"$ 107.388.117,36",Fracasado,fracaso,F11,19/01/2023,NA,180,NA,NA,25/4/2024,EX-2023-04188732-GCABA-DGINFE,Mejora Edilicia
x112,GURRUCHAGA  739,0200441,MUY BUENO,MUY BUENO,Instalacion electrica,NA,"$ 162.327.060,67",Licitación,licitacion,F11,05/07/2023,NA,180,NA,NA,25/4/2024,EX-2023-25122380- -GCABA-DGINFE,Mejora Edilicia
x113,RIO DE JANEIRO 986,0200080,MUY BUENO,MUY BUENO,"Acc. plena, pintura y adecuacion de instalacion electrica",$ 60.000.000,-,En Proyecto,cyp,F11,12/07/2023,NA,270,X,NA,Esperando corrección de fecha,NA,Mejora Edilicia
x114,AV. ROCA 6902 - AUTODROMO,00000AU,MUY BUENO,MUY BUENO,"Demolicion de mamposterias, tabiques, pisos y canteros. Proveer y colocar reja de proteccion en las ventanas de aula y oficina. Ejecucion de contrapiso, carpeta y solado en sector terraza. Ejecucion de canteros. Provision y colocacion de lockers. Instalacion sanitaria: instalación y colocación de nuevos inodoros pedestal, cambio de placas afectadas por humedad, proveer y colocar accesorios y espejos en los sanitarios.",NA,"$ 16.136.338,49",En Obra,en obra,F11,26/01/2023,NA,90,NA,0%,13/9/2023,EX-2023-05133376-GCABA-DGINFE,Mejora Edilicia
x115,ZAPATA 449,0200442,MUY BUENO,MUY BUENO,"Impermeabilizacion, instalación pluvial y pintura",NA,"$21.196.326,51",Finalizado,finalizado,F11,-,NA,150,30,100%,16/11/2022,NA,Mejora Edilicia
x116,JUNCAL 690 Y BASAVILBASO 1295,0200006,BUENO,BUENO,"Reparacion de cubiertas (inicial y primaria), acc basica (montasilla y baño de disca), pintura general - instalacion electrica de la inicial - sector de sombras inicial y primaria - solado de patio de la primaria e inicial - recambio de carpinterias y colocacion de rejas - evaluacion de instalacion sanitaria + ee: remediacion de rejas",-,-,En Proyecto,cyp,F11,15/7/2023,NA,365,X,NA,Esperando corrección de fecha,NA,Mejora Edilicia
x117,ESTACION BUENOS AIRES PRIMARIA,00000EB,NA,NA,"Creacion de una escuela con 14 aulas comunes, 1 aula de música, 1 aula de
Plástica, 1 aula laboratorio y un espacio para biblioteca.
Además la escuela contara con un s.u.m. cubierto, comedor independiente para la
Población de la escuela, cocina y el área de gestión administrativa completa.",NA,"$ 1.000.867.656,29",Licitación,licitación,F14,25/11/2022,NA,540,NA,NA,2/1/2025,EX-2022-43300270-GCABA-DGINFE,Obra Nueva
x118,DOBLAS 1768,0000000,NA,NA,"Polideportivo contempla la construcción de un volumen de apoyo y servicios, un área de cancha cubierta con estructura liviana de chapa y un área de cancha descubierta de verde que permite terreno absorbente en pulmón de manzana.",NA,"$104.310.536,00",En Obra,en obra,F11,15/07/2022,NA,300,NA,7%,23/10/2023,NA,Obra Nueva
x119,LACARRA 535,0200644,NA,NA,"Área administrativa: sanitario del sector a nuevo. Se colocara cielorrasos suspendidos en todo el área. Se realizará una nueva inst. Eléctrica. Se pintara completamente todo el sector.
En el edificio donde funciona el taller de electrónica, en planta baja: 
Puesta en valor de los sanitarios de docentes, office, sanitarios de alumnos y taller de electrónica.
En la planta alta de este mismo edificio, puesta en valor del aula de computación y el pasillo a fin de dar respuesta a la salida de emergencia. 
En el taller de hormigón armado que se encuentra en otro sector de la escuela sobre planta baja, se dará intervención al sanitario existente de docentes y al patio descubierto.
Puesta en valor del sum y biblioteca.
Intervencion de cubiertas (membranas, asbesto, cambio de tejas y chapas,etc..)
Cambio de tanques e instalación eléctrica.",-,"$ 296.246.046,16",Licitación,licitación,F11,25/04/2023,NA,360,NA,NA,14/9/2024,EX-2023-14216567- -GCABA-DGINFE,Mejora Edilicia
x121,"QUINQUELA MARTIN, BENITO 1649 GRUPO -",0200193,NA,NA,2do año,NA,"$ 16.847.977,00",Finalizado,finalizado,F11,NA,NA,90,NA,100%,Esperando corrección de fecha,NA,SDF
x122,AV. GAONA 1502 GRUPO -,0200382,NA,NA,2do año,NA,"$ 21.328.799,40",En Obra,en obra,F11,NA,NA,90,NA,90%,Esperando corrección de fecha,NA,SDF
x123,PUMACAHUA 390 GRUPO 1,0200575,NA,NA,2do año,NA,"$ 12.251.853,18",Finalizado,finalizado,F11,NA,NA,90,NA,DGMESC,Esperando corrección de fecha,EX-2022-30146484- -GCABA-DGINFE,SDF
x123,AV. CRAMER 2136 GRUPO 1,0200527,NA,NA,2do año,NA,NA,Finalizado,finalizado,F11,NA,NA,90,NA,DGMESC,Esperando corrección de fecha,EX-2022-30146484- -GCABA-DGINFE,SDF
x123,"CNEL. FALCON, RAMON L.,2248 GRUPO 1",0200571,NA,NA,2do año,NA,NA,Finalizado,finalizado,F11,NA,NA,90,NA,DGMESC,Esperando corrección de fecha,EX-2022-30146484- -GCABA-DGINFE,SDF
x124,CALLAO AV. 450 GRUPO 2,0200030,NA,NA,2do año,NA,"$ 10.995.542,81",Finalizado,finalizado,F11,NA,NA,60,NA,100%,Esperando corrección de fecha,NA,SDF
x124,LIBERTAD 1257 GRUPO 2,0200022,NA,NA,2do año,NA,NA,Finalizado,finalizado,F11,NA,NA,60,NA,100%,Esperando corrección de fecha,NA,SDF
x125,"CHILAVERT, MARTINIANO, CORONEL 5460 GRUPO -",0200963,NA,NA,2do año,NA,"$ 10.987.525,74",Finalizado,finalizado,F11,NA,NA,60,NA,100%,Esperando corrección de fecha,NA,SDF
x126,GALLARDO 149 GRUPO 3,0200827,NA,NA,2do año,NA,"$ 10.495.552,03",Finalizado,finalizado,F11,NA,NA,60,NA,100%,4/4/2023,NA,SDF
x126,MORON 4149 GRUPO 3,0200839,NA,NA,2do año,NA,NA,Finalizado,finalizado,F11,NA,NA,60,NA,100%,23/3/2023,NA,SDF
x127,COCHABAMBA 2830 GRUPO 4,0200319,NA,NA,2do año,NA,"$ 10.389.408,89",Finalizado,finalizado,F11,-,NA,60,NA,100%,8/2/2023,NA,SDF
x127,MALABIA 2148 GRUPO 4,0200470,NA,NA,2do año,NA,NA,Finalizado,finalizado,F11,-,NA,60,NA,100%,8/2/2023,NA,SDF
x128,AV. JUJUY 150 GRUPO 5,0200318,NA,NA,2do año,NA,"$ 11.032.939,77",Finalizado,finalizado,F11,-,NA,60,NA,100%,30/1/2023,NA,SDF
x128,FORMOSA 136 GRUPO 5,0200426,NA,NA,2do año,NA,NA,Finalizado,finalizado,F11,-,NA,60,NA,100%,30/1/2023,NA,SDF
x129,PADILLA 1051 GRUPO 6,0200385,NA,NA,2do año,NA,"$ 10.478.388,00",Finalizado,finalizado,F11,NA,NA,60,NA,100%,18/3/2023,NA,SDF
x129,AV. RIVADAVIA 5161 GRUPO 6,0200380,NA,NA,2do año,NA,NA,Finalizado,finalizado,F11,NA,NA,60,NA,100%,18/3/2023,NA,SDF
x130,AV.LARRAZABAL 5140 GRUPO 7,0200965,NA,NA,2do año,NA,"$ 12.078.433,53",Finalizado,finalizado,F11,NA,NA,60,NA,100%,11/3/2023,NA,SDF
x130,AQUINO 6040 GRUPO 7,0200962,NA,NA,2do año,NA,NA,Finalizado,finalizado,F11,NA,NA,60,NA,100%,11/3/2023,NA,SDF
x131,PASEO COLON AV. 650 GRUPO -,0200195,NA,NA,2do año,NA,"$15.065.382,22",Finalizado,finalizado,F11,26/12/2022,NA,60,NA,100%,Esperando corrección de fecha,NA,SDF
x132,"MAGARIÑOS CERVANTES, A. 5068 GRUPO -",0200832,NA,NA,2do año,NA,"$4.480.668,05",Finalizado,finalizado,F11,30/12/2022,NA,60,NA,100%,1/4/2023,NA,SDF
x133,ACASSUSO 6138 ANEXO GRUPO -,0200655,NA,NA,2do año,NA,"$ 9.544.010,42",Finalizado,finalizado,F11,17/01/2023,NA,60,NA,100%,16/3/2023,NA,SDF
x134,AV. DEL CAMPO 1340 GRUPO 8,0200683,NA,NA,2do año,NA,"$ 5.828.108,93",Finalizado,finalizado,F11,17/01/2023,NA,60,NA,100%,16/3/2023,NA,SDF
x134,AV. LACARRA 1151 GRUPO 8,0201864,NA,NA,2do año,NA,NA,Finalizado,finalizado,F11,17/01/2023,NA,60,NA,100%,16/3/2023,NA,SDF
x135,AYACUCHO 875 GRUPO -,0200029,NA,NA,2do año,NA,"$16.949.483,60",En Obra,en obra,F11,28/12/2022,NA,60,NA,90%,Esperando corrección de fecha,NA,SDF
x136,AV.JOSE MARIA MORENO 345 GRUPO 9,0200425,NA,NA,3er año,NA,"$ 9.183.031,77",Finalizado,finalizado,F11,NA,NA,60,NA,100%,11/3/2023,NA,SDF
x136,"LARRALDE, CRISOLOGO AV. 5085 GRUPO 9",0202188,NA,NA,3er año,NA,NA,Finalizado,finalizado,F11,NA,NA,60,NA,100%,11/3/2023,NA,SDF
x137,NICASIO OROÑO 2131 GRUPO 10,0200679,NA,NA,3er año,NA,NA,Finalizado,finalizado,F11,NA,NA,60,NA,100%,20/3/2023,NA,SDF
x137,MANUEL PORCEL DE PERALTA 1437 GRUPO 10,0200795,NA,NA,3er año,NA,"$ 9.016.883,18",Finalizado,finalizado,F11,NA,NA,60,NA,100%,20/3/2023,NA,SDF
x138,SOLDADO DE LA FRONTERA AV. 5155 GRUPO 11,0200964,NA,NA,3er año,NA,"$ 10.448.171,65",Finalizado,finalizado,F11,NA,NA,60,NA,DGMESC,Esperando corrección de fecha,NA,SDF
x138,MARTINEZ CASTRO 3067 GRUPO 11,0200863,NA,NA,3er año,NA,NA,Finalizado,finalizado,F11,NA,NA,60,NA,DGMESC,Esperando corrección de fecha,NA,SDF
x139,AV. RIESTRA 5030 GRUPO 12,0200949,NA,NA,3er año,NA,"$ 6.561.356,06",Finalizado,finalizado,F11,NA,NA,60,NA,100%,19/3/2023,NA,SDF
x139,AV. SAENZ 631 GRUPO 12,0200886,NA,NA,3er año,NA,NA,Finalizado,finalizado,F11,NA,NA,60,NA,100%,19/3/2023,NA,SDF
x140,"ALBERDI, JUAN BAUTISTA AV. 4139 GRUPO 13",0202662,NA,NA,3er año,NA,"$ 7.291.811,55",Finalizado,finalizado,F11,NA,NA,60,NA,100%,11/3/2023,NA,SDF
x140,MURGUIONDO 1568 GRUPO 13,0200642,NA,NA,3er año,NA,NA,Finalizado,finalizado,F11,NA,NA,60,NA,100%,11/3/2023,NA,SDF
x141,ZUVIRIA 6550 GRUPO 14,0202584,NA,NA,3er año,NA,"$ 10.558.870,06",Finalizado,finalizado,F11,NA,NA,60,NA,100%,Esperando corrección de fecha,NA,SDF
x141,ECUADOR 1158 GRUPO 14,0200098,NA,NA,3er año,NA,NA,Finalizado,finalizado,F11,NA,NA,60,NA,100%,4/4/2023,NA,SDF
x142,"GOMEZ, VALENTIN 3163 GRUPO 15",0200099,NA,NA,3er año,NA,"$ 9.961.270,29",Finalizado,finalizado,F11,NA,NA,60,NA,100%,4/4/2023,NA,SDF
x142,"VILLAFAÑE, WENCESLAO 1342 GRUPO 15",0200197,NA,NA,3er año,NA,NA,Finalizado,finalizado,F11,NA,NA,60,NA,100%,4/4/2023,NA,SDF
x143,SANTA MAGDALENA 431 GRUPO -,0200257,NA,NA,3er año,NA,"$ 10.865.886,45",Finalizado,finalizado,F11,NA,NA,60,NA,100%,Esperando corrección de fecha,NA,SDF
x144,Oliden 1245 GRUPO 16,0200650,NA,NA,3er año,NA,NA,Finalizado,finalizado,F11,NA,NA,60,NA,100%,Esperando corrección de fecha,NA,SDF
x144,"ALBERDI, JUAN BAUTISTA AV. 1845 GRUPO 16",0200572,NA,NA,3er año,NA,"$ 9.031.814,20",Finalizado,finalizado,F11,NA,NA,60,NA,100%,Esperando corrección de fecha,NA,SDF
x145,AV. ESCALADA 2890 GRUPO 17,0200647,NA,NA,3er año,NA,NA,En Obra,en obra,F11,NA,NA,60,NA,0%,Esperando corrección de fecha,NA,SDF
x145,"AGUSTIN DE VEDIA, 2519 GRUPO 17",0200871,NA,NA,3er año,NA,"$ 10.450.124,54",En Obra,en obra,F11,NA,NA,60,NA,0%,Esperando corrección de fecha,NA,SDF
x146,AVDA. MARTIN GARCIA 874,0000000,NA,NA,Obra nueva,NA,$ 184.675.400,En Obra,en obra,F11,NA,NA,720,100,55%,23/7/2023,NA,Obra Nueva
x147,LOPE DE VEGA Y MURATURE,0000000,NA,NA,Obra nueva,NA,$ 627.986.500,En Obra,en obra,F11,NA,NA,450,75,63%,23/6/2023,NA,Obra Nueva
x148,VENEZUELA 3259,0202635,REGULAR,BUENO,Instalacion electirca impermeabilizacion,NA,"$ 10.721.309,20",Finalizado,finalizado,F11,7/5/2021,NA,120,NA,100%,25/1/2022,NA,Mejora Edilicia
x149,FRANKLIN 1836,0200362,BUENO,BUENO,Sanitarios. (Fondos covid),NA,"$5.455.138,73",Finalizado,finalizado,F14 (COVID),NA,NA,90,NA,100%,3/4/2022,NA,Mejora Edilicia
x150,PELLEGRINI 1515,0200032,BUENO,BUENO,Puesta en valor de la escalera,NA,$ 5.101.483,Finalizado,finalizado,F11,NA,NA,60,NA,100%,19/11/2021,NA,Mejora Edilicia
x151,ZUVIRIA 6554,0202584,MUY BUENO,MUY BUENO,"Tanque de bombeo, bombas (fondos covid)",NA,"$6.266.250,00",Finalizado,finalizado,F11,NA,NA,60,NA,100%,11/4/2022,NA,Mejora Edilicia
x152,AVDA. RIESTRA 3300,0202388,REGULAR,BUENO,Instalacion electrica,NA,"$ 4.194.032,33",Finalizado,finalizado,F11,NA,NA,90,NA,100%,17/2/2022,NA,Mejora Edilicia
x153,DON PEDRO DE MENDOZA 1777,0200196,REGULAR,BUENO,"Reparacion de aleros, cubiertas.",NA,"$20.615.534,00",Finalizado,finalizado,F11,NA,NA,180,NA,100%,23/3/2022,NA,Mejora Edilicia
x154,SIMBRON 5855,0202395,MUY BUENO,MUY BUENO,Impermeabilizacion,NA,"$ 26.245.160,70",Finalizado,finalizado,F11,18/6/2021,NA,180,NA,100%,3/4/2022,NA,Mejora Edilicia
x155,PERU 1357,0202569,REGULAR,BUENO,"Instalacion electrica, ampliacion, mejora edilicia",NA,"$37.437.202,59",Finalizado,finalizado,F11,24/6/2021,NA,120,NA,100%,19/3/2022,NA,Mejora Edilicia
x156,SAAVEDRA 695,0200299,BUENO,MUY BUENO,Mejora edilicia en varios sectores,NA,"$19.393.947,10",Finalizado,finalizado,F11,NA,NA,120,NA,100%,23/3/2022,NA,Mejora Edilicia
x157,PASEO COLON 255 (4to),0200200,NO APLICA,NO APLICA,Conformación de la biblioteca de la universidad de la ciudad,NA,"$8.993.290,61",Finalizado,finalizado,F11,NA,NA,60,NA,100%,5/3/2022,NA,Mejora Edilicia
x159,LETONIA Y ANTARTIDA ARGENTINA,0202678,NO APLICA,NO APLICA,"Obra en escuela temporaria de la media, se desafecta el edificio y paso a justicia",NA,"$3.543.233,80",Finalizado,finalizado,F11,NA,NA,75,NA,100%,Esperando corrección de fecha,NA,Mejora Edilicia
x160,ASAMBLEA 1221,0200405,BUENO,MUY BUENO,Acondicionamiento de patio,NA,"$11.916.990,30",Finalizado,finalizado,F11,NA,NA,150,NA,100%,Esperando corrección de fecha,NA,Mejora Edilicia
x161,SCALABRINI ORTIZ 1336,0200443,BUENO,BUENO,Sanitario e impermeabilizacion,NA,"$3.377.362,43",Finalizado,finalizado,F11,NA,NA,90,NA,100%,Esperando corrección de fecha,NA,Mejora Edilicia
x162,PIO COLLIVADINO 436,0200643,REGULAR,BUENO,Reparacion de medianera,NA,"$3.194.103,73",Finalizado,finalizado,F11,NA,NA,Sin plazo,NA,100%,Esperando corrección de fecha,NA,Mejora Edilicia
x163,JUAN DE GARAY 3972,0200311,BUENO,MUY BUENO,Pintura y acondicionamiento de patio,NA,"$21.902.996,14",Finalizado,finalizado,F11,NA,NA,150,NA,100%,Esperando corrección de fecha,NA,Mejora Edilicia
x164,ALBERDI 4139,0202662,MUY BUENO,MUY BUENO,"Trabajos en  medianeras, subsuelo por filtraciones",NA,"$ 21.196.325,51",Finalizado,finalizado,F11,NA,NA,150,NA,100%,17/10/2022,NA,Mejora Edilicia
x165,Jose A. Cortejarena 3350,0200255,REGULAR,REGULAR,Sanitarios. (Fondos covid),NA,"$5.956.117,25",Finalizado,finalizado,F14 (COVID),NA,NA,90,NA,100%,25/8/2022,NA,Mejora Edilicia
x166,Lynch 3536,0200244,REGULAR,REGULAR,Sanitarios. (Fondos covid),NA,"$3.630.761,13",Finalizado,finalizado,F14 (COVID),NA,NA,90,NA,100%,19/9/2022,NA,Mejora Edilicia
x167,NUÑEZ 3638,0200529,REGULAR,BUENO,"Restauracion de fachadas, humedades de cimientos, instalacion electrica completa",NA,"$31.955.000,00",Finalizado,neutralizada,F11,NA,NA,210,166,100%,12/11/2022,NA,Mejora Edilicia
x168,RONDEAU 2751,0200312,BUENO,BUENO,Restauracion de cielorrasos de sector pileta,NA,"$6.373.844,67",Finalizado,finalizado,F11,NA,NA,120,NA,100%,14/1/2022,NA,Mejora Edilicia
x169,ALEJANDRO MAGARIÑOS CERVANTES 5068,0200832,REGULAR,REGULAR,"Instalacion electrica completa, sanitarios",NA,"$44.077.559,00",Finalizado,neutralizada,F11,NA,NA,180,172,100%,22/9/2022,NA,Mejora Edilicia
x170,PLANETARIO,00000GG,NO APLICA,NO APLICA,"Instalacion de caldera electrica, tendido electrico al edificio desde ct",NA,"$19.209.834,00",Finalizado,neutralizada,F11,NA,NA,90,187,100%,5/7/2022,NA,Mejora Edilicia
x171,FORMOSA 136,0200426,BUENO,MUY BUENO,"Accesibilidad, ascensor. (amparo)",NA,"$25.771.052,00",Finalizado,finalizado,F11,NA,NA,210,NA,100%,25/4/2022,NA,Mejora Edilicia
x172,PASEO COLON 255 (5to),0200200,NO APLICA,NO APLICA,Conformacion de 4 aulas y apoyo administrativo,NA,"$13.195.684,00",Finalizado,finalizado,F11,NA,NA,60,NA,100%,20/8/2022,NA,Mejora Edilicia
x173,JERONIMO SALGUERO 920,0200100,NA,NA,Puesta en funcionamineot de la calefaccion,NA,-,En Proyecto,en proyecto/instalaciones,F11,14/8/2023,NA,Sin plazo,NA,100%,Esperando corrección de fecha,NA,433
x173,JERONIMO SALGUERO 920,0200100,REGULAR,BUENO,"Mejora edilicia, sanitarios, talleres.",NA,"$71.082.274,66",Finalizado,neutralizada,F11,NA,NA,365,50,100%,7/1/2023,NA,Mejora Edilicia
x174,AVDA. RIVADAVIA 4950,0200427,REGULAR,BUENO,"Instalacion electrica completa, impermeabilizacion, restauracion de un sector de fachada",NA,"$113.225.803,05",Finalizado,neutralizada,F11,NA,NA,210,NA,100%,13/9/2022,NA,Mejora Edilicia
x175,PARQUE DE LA CIUDAD,00000PQ,NO APLICA,NO APLICA,"Obra nueva, pileta",NA,"$84.449.064,70",Finalizado,neutralizada,F11,NA,NA,120,60,100%,24/5/2022,NA,Mejora Edilicia
x176,AYACUCHO 1849,0200016,BUENO,BUENO,Instalación eléctrica,NA,"$3.666.231,00",Finalizado,finalizado,F14 (COVID),NA,NA,90,NA,100%,03/03/2023,NA,Mejora Edilicia
x177,SAN PEDRO 4457,0200635,BUENO,BUENO,Rehabilitación de núcleo sanitario de pb.,NA,"$2.663.284,39",Finalizado,finalizado,F14 (COVID),NA,NA,90,NA,100%,Esperando corrección de fecha,NA,Mejora Edilicia
x178,QUITO 4043,0200420,REGULAR,BUENO,Mejoramiento edilicio e instalación eléctrica,NA,"$25.301.985,80",En Obra,en obra,F14,12/7/2022,NA,120,NA,97%,30/8/2023,NA,Mejora Edilicia
x179,DR. TOMAS MANUEL DE ANCHORENA 441,0200079,REGULAR,BUENO,Adecuacion inst y pintura,NA,"$20.773.909,53",En Obra,f14 - en obra,F14,11/7/2022,NA,180,NA,52%,7/8/2023,NA,Mejora Edilicia
x180,ESMERALDA 285 CAF,0200026,REGULAR,BUENO,"Restauracion de fachadas, refacciones generales de cielorrasos, pisos, sala
De cooperadora y sala docente , inst eléctrica, sanitarios",NA,"$63.582.703,57",En Obra,en obra,F14,16/5/2022,NA,310,NA,8%,4/12/2023,NA,Mejora Edilicia
x181,ACASSUSO 5860 sede ACASSUSO 6138 anexo,0200641,REGULAR,BUENO,"Sede: sanitarios a nuevos, impermeabilizaciones, pintura (20mm), reparaciones varias, adecuacion de carpinterias, ie completa y cambio e canaletas y sesagues pluviales.  anexo: solado de los balcones, bicicletero, cortinas roller, adecuacion en sala de musica, pintura y arreglo de fachada, reparacion de carpinterias, patio: demarcacion de canchas, pintura y cerco de alambre. refuncionalizacion de sala de tanque. ie completa.",$ 65.000.000,-,En Proyecto,cyp,F11,20/7/2023,NA,300,X,NA,Esperando corrección de fecha,NA,Mejora Edilicia
x182,VALDENEGRO 3525,0200711,BUENO,BUENO,"Obra rescindida: trabajos de ampliación edilicia, medios de salida y pintura integral de fachadas",NA,NA,Finalizado,finalizado,F14,NA,NA,120,NA,100%,17/05/2022,NA,Mejora Edilicia
x183,LA PORTEÑA 54 - YERBAL 2750,0200607,BUENO,BUENO,"Obra nueva, ampliación de la porteña 54  ( 9 aulas)",NA,"$346.164.000,00",En Obra,en obra,F11,29/8/2022,NA,390,NA,5%,24/01/2024,NA,Mejora Edilicia
x184,NATATORIO YERBAL 25,0200396,BUENO,BUENO,Puesta en funcionamiento de la plieta y accesibilidad,$ 50.000.000,-,En Proyecto,corporacion sur,CORPORACION SUR,08/03/2023,NA,210,X,NA,Esperando corrección de fecha,NA,CORP SUR
x185,DAOM - VARELA 1802,0000000,NO APLICA,NO APLICA,"Cancha de futbol 5, sintetico, 8 luminarias, acceso independiente desde av varela.",40.000.000,"$ 82.751.565,28",En Proyecto,corporacion sur,CORPORACION SUR,08/12/2022,NA,120,X,NA,Esperando corrección de fecha,NA,CORP SUR
x186,ESCALADA 2890,0200647,NO APLICA,NO APLICA,"Construcción de 4 aulas modulares en steel frame, adecuaciones en: vivienda casero, sala profesores y preceptores.",NA,"$ 98.455.725,65",En Proyecto,corporacion sur,CORPORACION SUR,-,NA,Sin plazo,X,NA,Esperando corrección de fecha,NO-2023-13357334-GCABA-CBAS,CORP SUR
x187,CAÑADA DE GOMEZ 3859,0200927,NO APLICA,NO APLICA,Incorporacion de dos aulas de steel frame y nucleo sanitarios. Traslado de mastil.,NA,"$ 65.063.396,10",En Proyecto,corporacion sur,CORPORACION SUR,-,NA,Sin plazo,X,NA,Esperando corrección de fecha,NO-2023-13587403-GCABA-CBAS,CORP SUR
x188,BARRIO 31 - INDIRA GANDHI,0200505,NA,NA,Obra nueva primaria -ajustes por cambio de terreno-,NA,"$ 1.171.064.451,35",En Obra,en obra,F11,23/9/2022,NA,450,NA,2%,24/6/2024,EX-2022-34026657- -GCABA-DGINFE,Obra Nueva
x189,Gral. MARTIN DE GAINZA 1050,0200381,BUENO,NA,"Impermeabilización de las azoteas, cubierta tipo shed de los talleres y
Laboratorios. Instalaciones eléctrica, sanitaria, contra incendio, termomecánica y la reparación –
Puesta en norma del ascensor.",NA,"$405.359.455,00",En Obra,en obra,F11,12/8/2022,NA,330,NA,22%,15/12/2023,NA,Mejora Edilicia
x191,Gral. MARTIN DE GAINZA 1050 (433),0200381,NA,NA,Imperbeabilizacion de un sector de azotea,NA,-,Finalizado,finalizado,F11,NA,NA,-,NA,100%,Esperando corrección de fecha,NA,Mejora Edilicia
x192,LIBERTADOR 8635,0200528,NA,NA,"Accesibilidad: ejecución de ascensor y sala de maquina (exterior), adecuación de rampa existente y adecuación de sanitario pcd existente.
Mejora edilicia: pintura de aulas de pb del edificio nuevo (pisos superiores dgmesc), revoque y pintura en circulación de edificio histórico pb y 1er piso. Revoque, pintura y solados en circulación entre talleres. Mejoras de marcos de carpinterías.
Reja de seguridad con concertina superior en fuelle entre el pasadizo de ascensor y edificio existente. (para evitar que alguien ingrese por libertador y se esconda en ese espacio)
Reja de seguridad corrediza para proteger sector de bicicletas. (Se retira reja deteriorada con ubicación actual para generar el playón de acceso al ascensor)
Mejoras en escalera exterior en taller de informática en área del fondo.( necesita pasamanos adecuados en ambos laterales, pintura de solado y reemplazo de cintas antideslizantes, ya que se han tropezado alumnos según se nos informó).
Ampliación de taller de carpintería (ee timm), nueva aula en primer piso del taller.
Instalaciones: eléctrica en sector histórico y termomecanica (unificar criterio de calefacción y/o refrigeración para el sector de aulas.)",$ 250.000.000,-,En Proyecto,en proyecto/instalaciones,F11,14/09/2023,NA,Sin plazo,X,NA,Esperando corrección de fecha,NA,Mejora Edilicia
x194,LOYOLA 1500,0200469,NA,NA,NA,-,-,En Proyecto,a pasar a cyp,F11,6/8/0203,NA,Sin plazo,NA,NA,Esperando corrección de fecha,NA,Obra Nueva
x197,FERNANDEZ DE LA CRUZ 3605,0200874,NA,NA,Conexion de instalacion de gas (medidor y conexion)+ habilitacion y puesta en marcha sistema de calefaccion,-,"$ 2.000.280,09",Licitación,433,433,22/06/2023,NA,60,X,NA,Esperando corrección de fecha,EX-2023-22677165- -GCABA-DGINFE,Mejora Edilicia
x198,Gregorio Araoz De Lamadrid 676,0200191,NA,NA,NA,NA,NA,Finalizado,finalizado,F11,-,NA,-,NA,NA,Esperando corrección de fecha,NA,Mejora Edilicia
x199,SARMIENTO 4041,0200105,NA,NA,Solado de madera del gimnacio y revoques,-,-,En Proyecto,cyp,F11,29/07/2023,NA,150,X,NA,Esperando corrección de fecha,NA,Mejora Edilicia
x200,Santo Domingo 4050,0202688,NA,NA,NA,NA,NA,Finalizado,finalizado,F11,-,NA,-,NA,NA,Esperando corrección de fecha,NA,Mejora Edilicia
x201,Terrada 3983,0200743,NA,NA,NA,NA,NA,Finalizado,finalizado,F11,-,NA,-,NA,NA,Esperando corrección de fecha,NA,Mejora Edilicia
x203,PARQUE DE LA CIUDAD,00000PQ,NO APLICA,NO APLICA,"Rejas, provision de cable y parquizacion","$35.794.537,33","$95.772.377,60",Licitación,licitación,F11,08/09/2023,NA,120,X,NA,5/5/2024,EX-2023-11006137-   -GCABA-DGINFE,Mejora Edilicia
x204,SAN JUAN 1545,0200137,REGULAR,BUENO,"Impermeabilizacion de todas las terrazas y cubiertas. tratamiento de patologias estructurales, hierros expuestos. Tratamiento de humedad de cimientos. Optimizacion en instalaciones pluvial.",NA,$ 13.566.984.79,Finalizado,finalizado,F11,19/04/2022,NA,120,30,100%,4/12/2022,NA,Mejora Edilicia
x205,RONDEAU 2751,0200312,BUENO,BUENO,Cambio de sistema de calefaccion,-,-,En Proyecto,en proyecto/instalaciones,F11,28/10/2023,NA,Sin plazo,X,NA,Esperando corrección de fecha,NA,Mejora Edilicia
x206,Gregorio Araoz de Lamadrid 648,0200178,NA,NA,NA,NA,NA,Finalizado,finalizado,F11,-,NA,-,NA,NA,Esperando corrección de fecha,NA,Obra Nueva
x207,Av. Eva Peron 7449,0202779,NA,NA,NA,NA,NA,Finalizado,finalizado,F11,-,NA,-,NA,NA,Esperando corrección de fecha,NA,Obra Nueva
x208,Pichincha 1152/54,0202773,NA,NA,NA,NA,NA,Finalizado,finalizado,F11,-,NA,-,NA,NA,Esperando corrección de fecha,NA,Obra Nueva
x209,MERCEDES 1405,0200593,NA,NA,Espacio de sombra,-,-,En Proyecto,cyp,F11,29/7/2023,NA,120,X,NA,Esperando corrección de fecha,NA,Mejora Edilicia
x210,11 DE SEPTIEMBRE DE 1888 3451,0200504,NA,NA,"Historica, arreglo de carpinterias, fachadas, patios, ie completa, pintura y adecuacion de casa del casero. Puesta en valor de sanitarios y fisuras varias. Catalogacion",-,-,Planificado,a iniciar proyecto,F11,2/12/2023,NA,240,X,NA,26/11/2024,NA,Mejora Edilicia
x211,COMBATIENTES DE MALVINAS 3234,0200661,NA,NA,Instalacion electrica,-,"$ 54.450.127,64",Licitación,licitacion,F11,15/5/2023,NA,150,X,NA,Esperando corrección de fecha,EX-2023-17716796- -GCABA-DGINFE,Mejora Edilicia
x212,AVDA. LARRAZABAL 420,0200907,BUENO,BUENO,Instalacion electrica,NA,-,En Proyecto,cyp,F11,6/8/2023,NA,150,X,NA,2/5/2024,NA,Mejora Edilicia
x214,JOSE ENRIQUE RODO 4431,0200638,NA,NA,Paleativo de instalacion de termo,-,-,Planificado,a iniciar proyecto,433,NA,NA,Sin plazo,X,NA,Esperando corrección de fecha,NA,Mejora Edilicia
x215,ITAQUI 2050 / CHARRUA 2850,0200856,NA,NA,"Instalacion electrica, termo, patio (arreglo de sus carpintrerias y muros), fachadas, sellado de lucarnas y pintura",-,-,En Proyecto,en proyecto,F11,12/11/2023,NA,XXX,X,NA,Esperando corrección de fecha,NA,Mejora Edilicia
x216,MARIANO ACOSTA 2936,0200873,NA,NA,Plan mejora de  patio+ inst gas-calefaccion + cubierta  y reparacion de revoques y pintura en areas significativas,NA,-,Planificado,a iniciar proyecto,F11,24/2/2024,NA,240,NA,NA,Esperando corrección de fecha,NA,Mejora Edilicia
x217,VARELA 1802   -DAOM,0200892,NA,NA,Instalacion de gas,NA,"$ 24.728.114,93",Licitación,licitación,F11,6/7/2023,NA,120,NA,NA,Esperando corrección de fecha,EX-2023-24666844- -GCABA-DGINFE,Mejora Edilicia
x218,MAGARIÑOS CERVANTES 5068- SALA TABLEROS,0200832,NA,NA,Construccion de sala de tableros para edesur,-,"$ 3.992.267,58",Licitación,433,433,22/6/2023,NA,60,NA,NA,Esperando corrección de fecha,EX-2023-22683810- -GCABA-DGINFE,Mejora Edilicia
x219,Riobamba 623,0200023,NA,NA,NA,NA,NA,Finalizado,finalizado,F11,-,NA,-,NA,NA,Esperando corrección de fecha,NA,Mejora Edilicia
x220,CARLOS CALVO 3176,0200328,NA,NA,"Plan mejora adecuacion aulas, revoques y carpinteria   + inst electrica  y pintura en areas significativas + accesibilidad plena",-,-,Planificado,a iniciar proyecto,F11,19/12/2023,NA,XXX,X,NA,Esperando corrección de fecha,NA,Mejora Edilicia
x221,MURGUIONDO 1568,0200642,NA,NA,"Plan mejora en   adecuacion  patio, inst gas-calefaccion ,electricidad  y  pintura en areas significativas",-,-,Planificado,a iniciar proyecto,F11,24/08/2024,NA,XXX,X,NA,Esperando corrección de fecha,NA,Mejora Edilicia
x222,HUMBERTO 1° 343,0200186,NA,NA,"Plan mejora de inst gas-calefaccion + cubierta , instalacion electrica, adecuacion sanitarios, reparacion revoques y pintura en areas significativas",-,-,Planificado,a iniciar proyecto,F11,18/1/2024,NA,Sin plazo,NA,NA,Esperando corrección de fecha,NA,Mejora Edilicia
x223,FRANCO 2390,0200759,NA,NA,Plan mejora de  fachada+ patio+ carpinteria + sanitario + inst gas + inst electrica+ sanitario+ cubierta + revoques y pintura en areas significativas,-,-,Planificado,a iniciar proyecto,F11,2/5/2024,NA,Sin plazo,NA,NA,Esperando corrección de fecha,NA,Mejora Edilicia
x224,MIGUEL SANCHEZ 1050,0200523,NA,NA,"Plan mejora en   adecuacion   inst electrica, gas  , patio , muros ,carpinteria, sanitarios, cubierta  y  pintura en areas significativas",-,-,Planificado,a iniciar proyecto,F11,15/8/2024,NA,Sin plazo,NA,NA,Esperando corrección de fecha,NA,Mejora Edilicia
x225,W VILLAFAÑE 1342,0200197,NA,NA,"Plan mejora en   adecuacion   inst electrica , patio , muros ,carpinteria, sanitarios, cubierta  y  pintura en areas significativas",NA,-,Planificado,a iniciar proyecto,F11,3/8/2024,NA,-,NA,NA,Esperando corrección de fecha,NA,Mejora Edilicia
x226,AV. LOPE DE VEGA 2150,0200831,NA,NA,NA,NA,-,Planificado,a iniciar proyecto,F11,8/6/2024,NA,-,NA,NA,Esperando corrección de fecha,NA,Mejora Edilicia
x227,JOSE AARON SALMUN FEIJOO 1073,0200190,NA,NA,Plan mejora de patio + adecuacion pisos de madera+ muro con humedades+ carpinteria +prov agua+  inst electrica + y pintura en areas significativas. Accesibilidad23,NA,-,Planificado,a iniciar proyecto,F11,30/12/2023,NA,Sin plazo,NA,NA,Esperando corrección de fecha,NA,Mejora Edilicia
x228,BRAUN MENENDEZ 260/MANUEL GALVEZ 156,0200177,NA,NA,"Impermeabilización de azoteas. Reparación de carpinterías existentes del primer piso con problemas de oxidación. Pintura de rejas en planta alta, nivel a y b. Reparaciones en fachadas de patio interno en planta baja:pintura y limpieza. Intervención de solados – mal estado. Demolición de mesadas en dos aulas del nivel inicial. Provisión y colocación de bicicletero en el acceso del edificio. Trabajos varios de jardinería en canteros. Accesibilidad: provisión y colocación de ascensor para comunicar la planta baja y primer piso. Ejecución de rampa para salvar un desnivel entre primer piso y la azotea.",NA,-,Planificado,a iniciar proyecto,F11,18/6/2024,NA,Sin plazo,NA,NA,Esperando corrección de fecha,NA,Mejora Edilicia
x229,NAHUEL HUAPI 5740,0200745,NA,NA,"Adecuacion  inst  gas-calefaccion, patio , muros ,cubierta, acesibilidad basica, pintura  + salida independiente para inicial",NA,-,Planificado,a iniciar proyecto,F11,8/3/2024,NA,0,NA,NA,Esperando corrección de fecha,NA,Mejora Edilicia
x230,MORENO 2135,0201501,NA,NA,Patios + muros+carpinterias+   inst electrica y pintura en areas significativas y evaluar posible crecimiento aulico. Catalogacion?,NA,-,Planificado,a iniciar proyecto,F11,25/6/2024,NA,0,NA,NA,Esperando corrección de fecha,NA,Mejora Edilicia
x231,PASEO COLON 650,0200195,NA,NA,"Accesibilidad. Pintura. Impermeabilización en sector de aulas. Instalación eléctrica: terminar obra rescindida de instalación eléctrica de talleres. Termo
. Terminar la obra eléctrica rescindida (instalación eléctrica de los talleres). Adecuación de instalación de gas. Instalación sanitaria (vestuariso)",-,-,En Proyecto,en proyecto,F11,18/11/2023,NA,Sin plazo,NA,NA,Esperando corrección de fecha,NA,Mejora Edilicia
x232,LA PAMPA 1240,0200479,NA,NA,"Plan mejora en   adecuacion fachada,  inst electrica , patios, fisuras , muros ,carpinteria , cubierta, sanitarios, cocina , reparacion de revoques y   pintura en areas significativas  // chequear catalogacion",NA,-,Planificado,a iniciar proyecto,F11,15/6/2024,NA,240,NA,NA,Esperando corrección de fecha,NA,Mejora Edilicia
x233,GUEMES 3859,0200101,NA,NA,"Plan mejora edif historica adecuacion  inst electrica , gas-calefaccion patio , cubierta , reparacion revoques y pintura en areas significativas",NA,-,Planificado,a iniciar proyecto,F11,18/8/2024,NA,Sin plazo,NA,NA,Esperando corrección de fecha,NA,Mejora Edilicia
x234,RIESTRA 5030,0200949,NA,NA,"Plan mejora en   adecuacion   cocina , comedor ,  cubierta  y reparacion revoques y pintura en areas significativas + evaluacion estado polideportivo.",NA,-,Planificado,a iniciar proyecto,F11,24/4/2024,NA,Sin plazo,NA,NA,Esperando corrección de fecha,NA,Mejora Edilicia
x235,BRUIX 4620,0200640,NA,NA,"Adecuación de la instalación eléctrica. Acondicionamiento de sanitarios. Puesta en valor de carpinterías, parasoles y rejas. Fisuras: reparación de mampostería y fisuras en aulas. Patios: solados, muros, humedad ascendente. Arreglo integral de patio de aire y luz. Pintura general.",-,-,En Proyecto,en proyecto,F11,4/11/2023,NA,Sin plazo,NA,NA,Esperando corrección de fecha,NA,Mejora Edilicia
x236,LIBERTADOR 4903,0200461,NA,NA,Adecuacion de fachada+  patios + muros+carpinterias+   inst electrica + inst gas-calefacc y pintura en areas significativas evaluar posible mejora en pileta -instalaciones-. Catalogación.,NA,-,Planificado,a iniciar proyecto,F11,03/04/2024,NA,Sin plazo,NA,NA,Esperando corrección de fecha,NA,Mejora Edilicia
x237,OBISPO SAN ALBERTO 2379,0200763,NA,NA,"Plan mejora edif historico adecuacion fachada+ patio+ cielorraso+ carpinteria+ inst gas-calefaccion + inst electrica + acond sanitarios y prov de agua , reparacion revoques y pintura en areas significativas +accesibilidad plena",NA,-,Planificado,a iniciar proyecto,F11,17/07/2024,NA,Sin plazo,NA,NA,Esperando corrección de fecha,NA,Mejora Edilicia
x239,GIRIBONE 1961,0200685,NA,NA,"Plan mejora edilicia adecuacion patio, muro, carpinteria, cubierta  cubierta y  pintura en areas significativas + adecuacion gimnasio",NA,-,Planificado,a iniciar proyecto,F11,21/07/2024,NA,Sin plazo,NA,NA,Esperando corrección de fecha,NA,Mejora Edilicia
x240,LA RIOJA 1846,0200295,NA,NA,"Muros, patio, carpinteria, inst electrica, prov agua, acc basica y pintura. Catalogacion?",NA,-,Planificado,a iniciar proyecto,F11,25/3/2024,NA,Sin plazo,NA,NA,Esperando corrección de fecha,NA,Mejora Edilicia
x241,ESTADOS UNIDOS 3141/URIBURU 876,0200334,NA,NA,"Patios exteriore, sanitarios,  inst electrica , acond gas pintura y accesibilidad basica",NA,-,Planificado,a iniciar proyecto,F11,8/7/2024,NA,Sin plazo,NA,NA,Esperando corrección de fecha,NA,Mejora Edilicia
x243,PICO 2689,0200509,NA,NA,Plan mejora edif cacciatore adecuacion de patio+ carpinteria  + inst electrica+  cubierta y pintura en areas significativas + polideportivo en terreno lindero. Ver fachada ladrillos,NA,-,Planificado,a iniciar proyecto,F11,4/3/2024,NA,Sin plazo,NA,NA,Esperando corrección de fecha,NA,Mejora Edilicia
x244,LAMBARE 975,0200077,NA,NA,"Plan mejora en   adecuacion   inst electrica, cielorraso  , patio , muros ,carpinteria, cubierta  y  pintura en areas significativas",NA,-,Planificado,a iniciar proyecto,F11,28/9/2024,NA,Sin plazo,NA,NA,Esperando corrección de fecha,NA,Mejora Edilicia
x245,SENILLOSA 650,0200430,NA,NA,Plan mejora de patio+terrazas +acond sanitarios+ prov agua+acc plena+ electrica y pintura en areas significativas,NA,-,Planificado,a iniciar proyecto,F11,1/8/2024,NA,Sin plazo,NA,NA,Esperando corrección de fecha,NA,Mejora Edilicia
x246,LASCANO 4044,0200811,NA,NA,"Adecuacion de patios, arreglo de muros, istalacion de gas y electrica, sanitarios, accesibilidad basica y pintura",NA,-,Planificado,a iniciar proyecto,F11,20/11/2023,NA,Sin plazo,NA,NA,Esperando corrección de fecha,NA,Mejora Edilicia
x247,JULIAN ALVAREZ 123,0200376,NA,NA,Instalación electrica y pintura,NA,-,Planificado,a iniciar proyecto,F11,21/5/2024,NA,Sin plazo,NA,NA,Esperando corrección de fecha,NA,Mejora Edilicia
x250,CALIFORNIA 1925,0200187,NA,NA,"Plan mejora en   adecuacion   inst electrica , patio , muros ,carpinteria  y  pintura en areas significativas",NA,-,Planificado,a iniciar proyecto,F11,18/9/2024,NA,Sin plazo,NA,NA,Esperando corrección de fecha,NA,Mejora Edilicia
x251,NICOLAS DESCALZI 5425,0200951,NA,NA,Plan mejora patio+ cielorraso+carpinteria+ inst gas y calefaccion+ sanitario+ cubierta + reparacion revoques y pintura en areas significativas,NA,-,Planificado,a iniciar proyecto,F11,NA,NA,Sin plazo,NA,0%,Esperando corrección de fecha,NA,Mejora Edilicia
x252,EL SALVADOR 5528/HUMBOLDT 1750,0200465,NA,NA,"Adecuacion de patio, carpinterias, sanitarios, inst gas y electrica, pintura (hay sdf)",NA,NA,Planificado,a iniciar proyecto,F11,2/12/2024,NA,Sin plazo,NA,NA,Esperando corrección de fecha,NA,Mejora Edilicia
x253,ROSETI 1450,0200658,NA,NA,"Plan mejora en   adecuacion   cocina , comedor ,  cubierta  y reparacion revoques y pintura en areas significativas + evaluacion estado polideportivo. Acustizar comedor.",NA,NA,Planificado,a iniciar proyecto,F11,6/12/2024,NA,Sin plazo,NA,NA,Esperando corrección de fecha,NA,Mejora Edilicia
x254,ENTRE RIOS 1341,0200133,NA,NA,"Adecuacion  calefaccion, inst electrica , patio , muros ,cubierta, acesibilidad basica  , pintura en areas significativas",NA,NA,Planificado,a iniciar proyecto,F11,30/10/2024,NA,Sin plazo,NA,NA,Esperando corrección de fecha,NA,Mejora Edilicia
x255,LAFAYETTE 1879,0200233,NA,NA,"Adecuacion de patios , inst electrica y pintura, rejas de seguridad",NA,NA,Planificado,a iniciar proyecto,F11,19/10/2023,NA,Sin plazo,NA,NA,Esperando corrección de fecha,NA,Mejora Edilicia
