cui,cue,domicilio,establecimiento,tipos,guardia_fisica,espacios_seguros,status
0200029,20069600,AVDA. CORDOBA 1951,ENS N° 01 LENGUAS VIVAS PRES. R. S. PEÑA,Física y electr.,SI,2,A confirmar
0202679,20079100,LETONIA 26,EPC N° 25 BANDERA ARGENTINA,Solo fisica,SI,0,A confirmar
0202680,20145700,LETONIA 96,EEM N° 06/01° PADRE CARLOS MUGICA,Solo fisica,SI,2,SUSPENDIDA EJECUCIÓN
0200087,20295300,SARMIENTO 2832,ESCUELA INF. N° 05/02°,Solo electr.,NO,0,A confirmar
0200123,20206300,CHILE 1626,ESCUELA INF. N° 02/03° MANE BERNARDO,Solo electr.,NO,0,A confirmar
0202564,20285000,PALOS (ALT APROX 100-200 PAR) Y JUAN M. BLANES,EEM N° 03/04°,Solo electr.,NO,0,A confirmar
0202135,20274500,PALOS (ALT APROX 100-200 PAR) Y JUAN M. BLANES,ESCUELA INF. N° 07/04° CASA AMARILLA,Solo electr.,NO,0,A confirmar
0200184,20001100,RIO CUARTO 1249,EPC N° 19 REPUBLICA ITALIANA,Solo electr.,NO,0,A confirmar
0200177,20052000,BRAUN MENENDEZ 260/MANUEL GALVEZ 156,EPC N° 08 CARLOS DELLA PENNA,Solo electr.,NO,1,EN EJECUCIÓN
0200174,20000200,WENCESLAO VILLAFAÑE 453,EPC N° 02 CARLOS RAMON VIGNALE,Solo electr.,NO,0,A confirmar
0200191,20062600,GRAL. GREGORIO ARAOZ DE LAMADRID 676,EPA N° 29 MANUEL BELGRANO,Solo electr.,NO,0,A confirmar
0200199,20053600,BOLIVAR 1235,ENS N° 03 BERNARDINO RIVADAVIA (SEDE),Solo electr.,NO,3,A confirmar
0202450,20300700,AVDA. ALMTE. BROWN 373 Y CNEL. DE MARINA TOMAS ESPORA S/N,ESCUELA INF. N° 11/04°,Solo electr.,NO,0,A confirmar
0200201,20190000,AZOPARDO 1504,ESCUELA INF. N° 03/04°,Solo electr.,NO,0,A confirmar
0200181,,SUAREZ 1131/1145,Sup Primaria DE 04 A Sup Adultos Region V A,Solo electr.,NO,0,A confirmar
0200259,20132800,ARCAMENDIA 719/743/793,ENS N° 05 GRAL.  M. M. DE GÜEMES (SEDE),Solo electr.,NO,0,A confirmar
0200256,20121600,VIEYTES 942,ESC. TEC. N° 10 FRAY LUIS BELTRAN,Solo electr.,NO,1,FINALIZADO
0200225,20220300,AVDA. ALMAFUERTE 14,JII N° 08/05°,Solo electr.,NO,0,A confirmar
0200232,20183900,IGUAZU 1110,EPC N° 10 DEAN DIEGO E. DE ZAVALETA,Solo electr.,NO,0,A confirmar
0200239,20005000,TRAFUL 3835,EPC N° 17 PEDRO MELITON LEDESMA,Solo electr.,NO,0,A confirmar
0200244,20168200,LYNCH 3536,EPC N° 24 CONTRALMIRANTE MARTIN GUERRICO,Solo electr.,NO,0,A confirmar
0200238,20032100,AVDA. AMANCIO ALCORTA 3402,EPA N° 16 SABINA BOVE DE BOZALLA,Solo electr.,NO,0,A confirmar
0200281,20227900,AVDA IRIARTE Y MONTESQUIEU,EPC N° 12 HORACIO QUIROGA,Física y electr.,SI,2,EN EJECUCIÓN
0200281,20247000,AV. GRAL IRIARTE Y MONTESQUIEU,ESCUELA INF. N° 12/05°,Física y electr.,SI,0,EN EJECUCIÓN
0200261,20220000,AVDA. GRAL. IRIARTE 3880,JII N° 10/05°,Solo electr.,NO,0,A confirmar
0200248,20118100,ALVARADO 3295,ESCUELA INF. N° 07/05° PADRE DANIEL DE LA SIERRA,Solo electr.,NO,0,A confirmar
0200233,20167900,LAFAYETTE 1879,EPC N° 11 REPUBLICA DE HAITI,Solo electr.,NO,1,FINALIZADO
0200216,,California 1855,GIMNASIO ESCUELA NORMAL N° 05 D.E. 5° (PREDIO CALIFORNIA),Solo electr.,NO,0,A confirmar
0200241,20029800,ELIA 473,EPC N° 19 PROVINCIA DE FORMOSA,Solo electr.,NO,0,A confirmar
0200226,20047000,AVDA. MANUEL MONTES DE OCA 439,EPC N° 03 BERNARDO DE IRIGOYEN,Solo electr.,NO,0,A confirmar
0200255,20006200,JOSE A. CORTEJARENA 3350,ESC. INTEGRAL INTERDISCIPLINARIA N° 05,Solo electr.,NO,0,A confirmar
0200240,20149800,AVDA. CASEROS 2152,EPC N° 18 JUAN ENRIQUE PESTALOZZI,Solo electr.,NO,0,A confirmar
0200299,20049200,SAAVEDRA 695,JIC N° 03/06°,Solo electr.,NO,0,A confirmar
0202635,20306600,VENEZUELA 3269,JII Nº 11/6º,Solo electr.,NO,0,A confirmar
0200322,20086500,AVDA. JUJUY 255,ESC. TEC. N° 26 CONFEDERACION SUIZA,Solo fisica,SI,2,FINALIZADO
0200305,20032900,CASTRO 954,EPC N° 14 INTENDENTE ALVEAR,Solo electr.,NO,1,EN EJECUCIÓN
0200296,20156500,LA RIOJA 850,EPC N° 03 RUFINO SANCHEZ,Solo electr.,NO,0,A confirmar
0200330,20005700,INCLAN 3146,ESC. INTEGRAL INTERDISCIPLINARIA N° 06,Solo electr.,NO,0,A confirmar
0200400,20088400,AVDA. EVA PERON 1502,EPC N° 01 CHACABUCO,Solo electr.,NO,1,FINALIZADO
0200412,20135100,DON BOSCO 4200,EPC N° 16 JOSE MARIA RAMOS MEJIA,Solo electr.,NO,0,A confirmar
0200472,20132900,AVDA. DORREGO 3751,INST. SUPERIOR DEL PROF. DE EDUC. INICIAL SARA CHAMBERLAIN DE ECCLESTON (SEDE),Física y electr.,SI,0,A confirmar
0200491,20132901,AVDA. DORREGO 3723,INST. SUPERIOR DEL PROF. DE EDUCACIÓN INICIAL SARA CHAMBERLAIN DE ECCLESTON - JIC MITRE,Solo fisica,SI,0,A confirmar
0200552,20119200,AVDA. SAN PEDRITO 1415/25,EPC N° 04 BENJAMIN ZORRILLA,Solo electr.,NO,0,A confirmar
0200573,20119300,VARELA 1425,ESCUELA INF. N° 04/11°,Solo electr.,NO,0,A confirmar
0200574,20061100,AVDA. CARABOBO 286,LICEO N° 05 PASCUAL GUAGLIANONE,Solo fisica,SI,0,FINALIZADO
0200572,20061200,AVDA. JUAN BAUTISTA ALBERDI 1845,ESC. TEC. N° 05 MARIA DE ESCALADA DE SAN MARTIN,Solo electr.,NO,1,FINALIZADO
0200563,20168600,AVDA. CARABOBO 253,EPC N° 15 REPUBLICA ORIENTAL DEL URUGUAY,Solo electr.,NO,0,A confirmar
0200607,20019200,PJE. LA PORTEÑA 54,ESC. TEC. N° 06 FERNANDO FADER,Solo electr.,NO,2,FINALIZADO
0201864,20244200,LACARRA Y AVDA. FRANCISCO BILBAO,EEM N° 02/13°,Solo electr.,NO,0,A confirmar
0200647,20112800,AVDA. ESCALADA 2890,EEM N° 01/13° MANUEL MUJICA LAINEZ,Solo electr.,NO,0,EN EJECUCIÓN
0200633,20139500,AVDA. CASTAÑARES 4689,EPC N° 15 REPUBLICA ARGENTINA,Solo electr.,NO,3,A EJECUTAR
0200621,20144102,AVDA. LARRAZABAL 1556,JIN B (EPCJC 03/13°),Solo electr.,NO,0,A confirmar
0200634,20092700,GRAL. EUGENIO GARZON 4346,EPC N° 16 DR. TOMAS A. LE BRETON,Solo electr.,NO,0,A confirmar
0200644,20116900,LACARRA 535,ESC. TEC.  N° 17 BRIG. GRAL. CORNELIO SAAVEDRA,Solo electr.,NO,1,FINALIZADO
0200648,20243900,BASUALDO 2850,ESCUELA INF. N° 04/13°,Solo electr.,NO,0,A confirmar
0200626,20139200,HOMERO 2159,EPC N° 08 REINO DE THAILANDIA,Solo electr.,NO,1,FINALIZADO
0200674,20087400,AVDA. DE LOS CONSTITUYENTES 3100,EPC N° 22 AGRONOMIA,Solo electr.,NO,0,A confirmar
0200684,20047800,TEODORO GARCIA 3899,ESC. TEC. N° 32 GRAL. JOSE DE SAN MARTIN,Física y electr.,SI,3,FINALIZADO
0200687,20015200,AVDA. CHORROARIN 305,EEM N° 01/14° FEDERICO GARCIA LORCA,Solo electr.,NO,0,A confirmar
0202188,20303000,AVDA. CRISOLOGO LARRALDE 5085,ESC. SUPERIOR DE EDUCACIÓN ARTÍSTICA EN MÚSICA JUAN PEDRO ESNAOLA,Física y electr.,SI,0,FINALIZADO
0202638,20306700,AVDA. CHORROARIN 365,JII Nº 05 DE 14,Física y electr.,SI,0,A confirmar
0202188,20281600,GALVAN 3710,ESCUELA INF. N° 06/15° NARANJO EN FLOR,Solo electr.,NO,0,FINALIZADO
0202188,20072400,GALVAN 3710,ESC. TEC. N° 36 ALTE. GUILLERMO BROWN,Física y electr.,SI,2,FINALIZADO
0202595,20099600,DR. PEDRO I. RIVERA 4221/HOLMBERG 2754,EPC N° 24 FRANCISCO MORAZAN,Solo fisica,SI,0,A confirmar
0200794,20016300,MERCEDES 4002,EEM N° 03/17° ANTONIO DEVOTO,Solo electr.,NO,0,A confirmar
0200768,20157000,BAIGORRIA 3169,EPC N° 01 DR. ANTONIO DELLEPIANE,Solo electr.,NO,0,A confirmar
0200831,20074600,AVDA. LOPE DE VEGA 2150,ESC. TEC. N° 35 ING. EDUARDO LATZINA,Física y electr.,SI,1,EN EJECUCIÓN
0200830,20123000,VIRGILIO 1980,ESC. TEC. N° 27 HIPOLITO YRIGOYEN,Solo electr.,NO,1,EN EJECUCIÓN
0200886,20230100,AVDA. SAENZ 631,EEM N° 04/19° HOMERO MANZI,Solo electr.,NO,0,A confirmar
0200870,20147500,AVDA. INTENDENTE FRANCISCO RABANAL 1507,ESC. TEC.  N°33 Fund.Maestranza del Plumerillo[A],Física y electr.,SI,2,FINALIZADO
0200844,20003800,ALAGON 300 / CNEL. PAGOLA 4181,EPC N° 01 MARIA SILVENTI DE AMATO,Solo electr.,NO,0,A confirmar
0200845,20015400,TILCARA 3365,EPC N° 02 DR. GENARO SISTO,Solo electr.,NO,0,A confirmar
0200847,20004000,AVDA. RIESTRA 1850,EPC N° 04 RICARDO GÜIRALDES,Física y electr.,SI,0,A confirmar
0200865,20003700,MOM 2380,JIN B (EPCJS 11/19°) [S] HOMERO MANZI,Solo electr.,NO,0,A confirmar
0200865,20227800,MOM 2358,EPC N° 22 JUANA AZURDUY,Solo electr.,NO,0,A confirmar
0200856,20008900,ITAQUI 2050 / CHARRUA 2850,EPC N° 13 PRESBITERO ALBERTI,Solo electr.,NO,0,A confirmar
0200852,20153600,CARLOS BERG 3460,EPC N° 09 DR. JOSE BENJAMIN ZUBIAUR,Solo electr.,NO,0,A confirmar
0200863,20178300,MARTINEZ CASTRO 3067,EEM N° 02/19° ARTURO JAURETCHE,Solo electr.,NO,3,FINALIZADO
0200855,20004400,AVDA. COBO Y PTE. C. TORRES Y TENORIO 2147,JII N° 01/19° MANUEL BELGRANO,Solo fisica,SI,0,FINALIZADO
0200871,20227000,CORONEL MARTINIANO CHILAVERT 1935,ESCUELA INF. N° 06/19°,Solo electr.,NO,0,COLOCADA A CONFIGURAR
0200855,20056700,AVDA. COBO Y PTE. C. TORRES Y TENORIO 2147,EPC N° 12 JOSE ENRIQUE RODO,Solo fisica,SI,1,FINALIZADO
0200857,20070500,AVDA. INTENDENTE FRANCISCO RABANAL 2751,EPC N° 14 CAPIT.MARIA REMEDIOS DEL VALLE,Solo electr.,NO,0,A confirmar
0200860,20043300,CORRALES 3420,EPC N° 17 GASPAR LUCILO BENAVENTO,Solo electr.,NO,2,FINALIZADO
0200860,20105900,CORRALES 3420 / 3450,EPC N° 18 SAN JUAN BAUTISTA DE LA SALLE,Solo electr.,NO,0,FINALIZADO
0200858,20070100,PORTELA 3150,EPC N° 15 EVARISTO CARRIEGO,Solo electr.,NO,0,A confirmar
0200868,20105700,VARELA 2751,ESCUELA INF. N° 05/19° SAN LORENZO DE ALMAGRO,Solo electr.,NO,0,A confirmar
0200887,20246500,"CHILAVERT, MARTINIANO, CORONEL 2650/2690",EPC N° 23 RENÉ FAVALORO,Solo electr.,NO,0,A confirmar
0200862,20009000,PJE. L ENTRE LACARRA Y LAGUNA,EPC N° 19 JOSE MARTI,Solo electr.,NO,1,EN EJECUCIÓN
0200869,20070300,AVDA. LACARRA 2202 E/ PJE. L Y K,ESCUELA INF. N° 04/19° DR. RAMON CARRILLO,Solo electr.,NO,2,FINALIZADO
0200864,20227400,MARIANO ACOSTA 2976,EPC N° 21 GUILLERMO JOSE BARROS,Solo electr.,NO,0,A confirmar
0200863,20214100,MARTINEZ CASTRO 3061,EPC N° 20 MAESTRO CARLOS A. CARRANZA,Solo electr.,NO,0,FINALIZADO
0202180,20280400,PERGAMINO 3045,ESCUELA INF. N° 12/19°,Solo electr.,NO,0,A confirmar
0200875,20241900,CNEL. MARTINIANO CHILAVERT 2680,ESCUELA INF. N° 09/19°,Solo electr.,NO,0,A confirmar
0200874,20235000,MARTINEZ CASTRO 3065,EEM N° 05/19° E.REINGRESO,Solo electr.,NO,2,FINALIZADO
0202388,20295000,MARTINEZ CASTRO 2500 y AV. RIESTRA,JM N°15/19°,Solo electr.,NO,0,A confirmar
0200863,20294100,MARTINEZ CASTRO 3085,ESCUELA INF. N° 11/19°,Solo electr.,NO,0,FINALIZADO
0202562,20244100,JOSE BARROS PAZOS 3610,JII N° 10/19° (SEDE),Solo electr.,NO,1,EN EJECUCIÓN
0202583,20298900,JOSE BARROS PAZOS 3610,EPC N° 24,Solo electr.,NO,0,A confirmar
0200854,20056600,PJE. LA CONSTANCIA 2524,EPC N° 11 IGNACIO FERMIN RODRIGUEZ,Solo electr.,NO,0,A confirmar
0200871,20183300,AGUSTIN DE VEDIA 2519,EEM N° 03/19°,Solo fisica,SI,1,COLOCADA A CONFIGURAR
0202437,20299100,ZUVIRIA 6530,ESCUELA INF. N° 11/20°,Solo electr.,NO,0,A confirmar
0200918,20025900,GOLETA SANTA CRUZ 6999 (ALT. GRAL. PAZ 14700),EPA N° 21 SOLDADO DE MALVINAS,Física y electr.,SI,0,FINALIZADO
0200918,20040900,GOLETA SANTA CRUZ 6997,EII N° 20 DRA. ALICIA MOREAU DE JUSTO,Física y electr.,SI,0,FINALIZADO
0200927,20223900,CAÑADA DE GOMEZ 3850,EEM N° 02/20°,Solo electr.,NO,5,SUSPENDIDA EJECUCIÓN
0200911,20032800,AVDA. DE LOS CORRALES 7040,EPC N° 14 ISLAS MALVINAS,Solo electr.,NO,0,A confirmar
0202584,20106200,ZUVIRIA 6550,EEM N° 01/20° BIB.CONGRESO DE LA NACION,Solo fisica,SI,1,SUSPENDIDA EJECUCIÓN
0202629,20306300,MURGUIONDO 2265,JII Nº 09/20,Solo electr.,NO,0,A confirmar
0200916,20117200,COSQUIN 3100,EPC N° 19 ROMA,Solo electr.,NO,0,A confirmar
0200965,20113700,AVDA. LARRAZABAL 5140,ESC. DE COM. N° 35 LEOPOLDO MARECHAL,Solo electr.,NO,0,A confirmar
0200963,20108500,CNEL. MARTINIANO CHILAVERT 5460,ESC. TEC. N° 13 ING. JOSE LUIS DELPINI,Solo electr.,NO,3,EN EJECUCIÓN
0200958,20028500,BERON DE ASTRADA 6351,EEM N° 05/21° JUAN MANUEL FANGIO,Solo electr.,NO,0,FINALIZADO
0200957,20112600,CAFAYATE 5388,JII N° 01/21°,Solo electr.,NO,0,SUSPENDIDA EJECUCIÓN
0200979,,"CHILAVERT, MARTINIANO, CORONEL 6090",Superv.Educ.Prim. Zona C RegiónVI-DE 21,Solo electr.,NO,0,A confirmar
0200965,20235100,AVDA. LARRAZABAL 5140,EEM N° 06/21° E.REINGRESO,Física y electr.,SI,0,A confirmar
0200952,20066900,JOSE IGNACIO RUCCI 3961,EPC N° 08 JUDITH Y DEMETRIO DEMARCHI,Solo electr.,NO,1,SUSPENDIDA EJECUCIÓN
0200946,20112500,CAFAYATE 5115,EPC N° 01 CONCEJAL ALBERTO SALVATORI,Solo electr.,NO,1,SUSPENDIDA EJECUCIÓN
0200949,20066700,AVDA. RIESTRA 5030,EPC N° 04 PROVINCIA DE TUCUMAN,Solo electr.,NO,1,FINALIZADO
0200961,20063900,FONROUGE Y ANA MARIA JANER,ESCUELA INF. N°05/21° HEBE SAN MARTIN DUPRAT,Solo electr.,NO,0,A confirmar
0200959,20109400,AVDA. CNEL. ROCA - PTA. 9,EPC N° 18 JORGE NEWBERY,Física y electr.,SI,0,A confirmar
0202178,20280200,POLA Y JOSE BARROS PAZOS 5250,ESCUELA INF. N° 08/21°,Solo electr.,NO,0,COLOCADA A CONFIGURAR
0202178,20281000,JOSE B. PAZOS 5250/POLA 4251,EPC N° 19 HERMANOS LATINOAMERICANOS,Solo electr.,NO,3,COLOCADA A CONFIGURAR
0202178,20290300,POLA Y JOSE BARROS PAZOS 5250,EEM N° 01/21°,Solo electr.,NO,0,COLOCADA A CONFIGURAR
0202309,20053601,SARAZA 4241,ENS N° 03 BERNARDINO RIVADAVIA ([A]),Solo electr.,NO,0,A confirmar
0200959,20287100,AVDA. CNEL. ROCA - PTA. 9,ESCUELA INF. N° 11/21°,Solo fisica,SI,0,A confirmar
0202391,20295200,DR. ANTONIO BERMEJO 6675,JII N° 14/21°,Solo electr.,NO,0,A confirmar
0200960,20112300,SUMACA SANTISIMA TRINIDAD 5088,ESC. INTEGRAL INTERDISCIPLINARIA N° 21,Solo electr.,NO,0,A confirmar
0200955,20027804,AVDA. PIEDRA BUENA 4863,JIN C (EPCJS 13/21°),Solo electr.,NO,0,COLOCADA A CONFIGURAR
0202596,20303700,CNEL.MANUEL JOSE OLASCOAGA 5001,JII Nº 09/21º,Solo electr.,NO,0,A confirmar
0200962,20063700,AQUINO 6040,ESC. DE COM. N° 12 JUAN XXIII,Solo electr.,NO,2,FINALIZADO
0200312,20013500,CATULO CASTILLO 2750 3° P.,ESC. PRIMARIA COMÚN N° 01 DR. CARLOS SAAVEDRA LAMAS - INST. F. F. BERNASCONI,Física y electr.,SI,6,A confirmar
0200281,20242100,RIO CUARTO S/N,CFP N° 09 POLO EDUCATIVO BARRACAS,Física y electr.,SI,0,EN EJECUCIÓN
0200197,20303100,WENCESLAO VILLAFAÑE 1342,ESEA ARTES VISUALES MANUEL BELGRANO,Solo electr.,NO,0,A confirmar
0202394,20203300,LOS PATOS 3072,CICLO BASICO DE FORM. OCUP. N° 01 EVITA,Solo electr.,NO,0,A confirmar
0200032,20058400,CARLOS PELLEGRINI 1515,INST. DE ENSEÑANZA SUPERIOR EN LENGUAS VIVAS JUAN RAMÓN FERNÁNDEZ,Física y electr.,SI,1,A confirmar
0200222,,Bolivar 1282,CAIYJ CLUB SAN TELMO/Polideportivo Martina Cespedes,Física y electr.,SI,0,A confirmar
0200195,20058300,AVDA. PASEO COLON 650,ESC. TEC. N° 01 ING. OTTO KRAUSE,Física y electr.,SI,3,FINALIZADO
0200984,20284300,AVDA. PASEO COLON 1360,CENOF CENTRO ISAURO ARANCIBIA,Solo fisica,SI,0,A confirmar
0200200,20169400,AVDA. PASEO COLON 255,ESC. TEC. N° 15 MAIPU,Solo fisica,SI,0,A confirmar
0201863,20110400,AYACUCHO 632/636,IS DEL PROF. DR. JOAQUIN V. GONZALEZ,Física y electr.,SI,0,A confirmar
0200178,,Av. Pedro de Mendoza 1835,Museo de Bellas Artes de Artistas Argentinos Benito Quinquela Martin,Física y electr.,SI,20,FINALIZADO
0200964,20303300,SOLDADO DE LA FRONTERA 5155,ESEA ARTES VISUALES LOLA MORA,Solo electr.,NO,0,A confirmar
0200428,20139300,AVDA. CURAPALIGÜE 1150,ISEF N° 02 PROF. FEDERICO W. DICKENS,Física y electr.,SI,0,A confirmar
0200400,20102900,AVDA. EVA PERON 1502,JII N° 01/08° CIUDAD DE BUENOS AIRES,Solo electr.,NO,0,FINALIZADO
(pinelo),,Av. Escalada 1600 y Pinelo,PREDIO PINELO,Solo electr.,NO,0,A confirmar
0200852,20235800,CARLOS BERG 3460,CENS N° 77,Solo electr.,NO,0,A confirmar
0(INDO),,Av. Escalada y Av. Castañares,POLIDEPORTIVO PARQUE INDOAMERICANO,Solo fisica,SI,0,A confirmar
0200966,20010800,SOLDADO DE LA FRONTERA 5140,CENS N° 14,Solo electr.,NO,0,A confirmar
0200528,20124700,AVDA. DEL LIBERTADOR 8635/51,ESC. TEC.S RAGGIO,Física y electr.,SI,3,A EJECUTAR
0200523,20101900,AV. MIGUEL B  SANCHEZ 1338,INST. SUPERIOR DE EDUCACIÓN FÍSICA N° 01 DR. ENRIQUE ROMERO BREST,Física y electr.,SI,5,A confirmar
0202194,20172700,ARIAS 3775,ESCUELA INF. N° 08/10° CAMINITO (EX 03/15°),Solo electr.,NO,0,A confirmar
0202188,20031200,GALVAN 3630,ESC. INTEGRAL INTERDISCIPLINARIA N° 01,Física y electr.,SI,0,FINALIZADO
0202595,20141400,DR. PEDRO I. RIVERA 4221/HOLMBERG 2754,INST. SUPERIOR DEL PROF. DE EDUCACIÓN ESPECIAL,Solo fisica,SI,0,A confirmar
(inmueble JVG),,Joaquin V Gonzalez 2149,INMUEBLE JOAQUIN V GONZALEZ,Solo fisica,SI,0,A confirmar
0200471,20131800,AVDA. GRAL. LAS HERAS 4078,ESC. TEC. DE JARDINERIA CRISTOBAL M. HICKEN,Solo electr.,NO,3,CANCELADA DEFINITIVAMENTE
0202678,20115500,LETONIA 6,ESCUELA INF. N° 05/01°,Solo fisica,SI,0,A confirmar
0202660,20309300,CARLOS H. PERETTE y CALLE 10,EPC N° 11 DE 01,Solo fisica,SI,0,A confirmar
0202656,20308000,AVDA. GRAL F DE LA CRUZ Y AVDA. ESCALADA,EPC N° 11 DE 21,Solo electr.,NO,0,A confirmar
0202134,20308600,"CALLE S/N, Manzana 162 A (Barrio 31)",JII N° 10/01°,Solo fisica,SI,0,A confirmar
0202650,20307700,"CALLE S/N, Manzana 162 G (Barrio 31)",CFP N° 38,Solo fisica,SI,0,A confirmar
0202643,20307900,FONROUGE 4358,EPC N° 07 DE 21,Solo fisica,SI,0,A confirmar
0202659,20309100,MONTE 7420,JII N° 13/20°,Física y electr.,SI,0,A confirmar
0202662,20303200,AVDA. JUAN BAUTISTA ALBERDI 4139,ESC. SUPERIOR DE EDUCACIÓN ARTÍSTICA EN ARTES VISUALES ROGELIO YRURTIA,Solo electr.,NO,2,A confirmar
0202661,20309500,ANDRES FERREYRA 3705,JII N° 15/05°,Solo electr.,NO,0,A confirmar
0202584,20244000,ZUVIRIA 6570,ESCUELA INF. N° 08/20°,Solo electr.,NO,0,SUSPENDIDA EJECUCIÓN
0202689,20312900,BLVD OLIMPICO JOSE BENJAMIN ZUBIAUR 4180,EPC Nº 12 DE 21,Solo electr.,NO,0,A confirmar
0200225,20168700,AVDA. ALMAFUERTE 66,EPC N° 02 PATRICIOS,Solo electr.,NO,0,A confirmar
0202649,20307500,MURGUIONDO 2151,ESC. TEC.  Nº 20 DE 20,Solo electr.,NO,1,COLOCADA A CONFIGURAR
0200505,20121101,AVDA. INTENDENTE CANTILO Y LA PAMPA,JIN D (EPCJC 11/10°),Solo fisica,SI,0,A confirmar
0202658,20308700,CALABRIA Y ROSARIO VERA PEÑALOZA,JII N° 13/04°,Física y electr.,SI,1,A confirmar
(PLANETARIO),,"Av. Sarmiento s/n,",Planetario Galileo Galilei,Solo fisica,SI,0,A confirmar
0200199,20053600,PERU 1236,ENS N° 03 BERNARDINO RIVADAVIA (Anexo Nivel Inicial),Solo electr.,NO,0,A confirmar
0200281,20250500,AVDA IRIARTE Y MONTESQUIEU,EEM N° 06/05°,Solo fisica,SI,0,EN EJECUCIÓN
0202688,20312800,SANTO DOMINGO 4050,EPC N°05 DE 05,Solo fisica,SI,0,A confirmar
0200892,20304100,VARELA 1802,JII N° 14/19°,Solo fisica,SI,0,A confirmar
0202731,20316300,USPALLATA 3325,JII N°18/05°,Solo electr.,NO,0,A confirmar
0202667,20311600,LUNA 690,JII N° 16/05°,Solo electr.,NO,0,A confirmar
0202676,20312100,SUAREZ 3110,JII N° 17/05°,Solo electr.,NO,0,A confirmar
0202732,20089502,AVDA. ALVAREZ JONTE 3867,INST. DE ENSEÑANZA SUPERIOR EN LENGUAS VIVAS JUAN B. JUSTO (ANEXO),Solo electr.,NO,1,A confirmar
0202688,20221200,SANTO DOMINGO 4050,ESCUELA INF. N° 09/05°,Solo electr.,NO,0,A confirmar
0202687,20312700,ZUVIRIA 6590,EPC N° 24 DE 20,Solo electr.,NO,3,EN EJECUCIÓN
0200589,20315900,San Blas 2238,JIC Nº 6 D.E 12,Solo electr. ME,NO,0,A confirmar
0200666,20160800,WARNES 1816,JIN A (EPCJC 13/14°) [S],Solo electr.,NO,0,A confirmar
0202643,20307100,FONROUGE 4358,JIC N° 15/21°,Solo electr.,NO,0,A confirmar
0202663,20309600,MURGUIONDO 2251,EPC N° 23 DE 20,Solo electr.,NO,0,A confirmar
0202685,20312500,AVDA. CASTAÑARES 6580,JII Nº 18/21°,Solo electr.,NO,0,A confirmar
0202597,20303800,BESARES 4333,JII Nº 03/15º,Solo electr.,NO,0,A confirmar
0200965,20306100,AVDA. LARRAZABAL 5130,JII Nº 10 DE 21,Solo electr.,NO,0,A confirmar
0202669,20311200,23 DE JUNIO 4155,JII N°17/21° VILLA OLIMPICA,Solo electr.,NO,0,A confirmar
0200326,20177801,CARLOS CALVO 3150,ENS N° 08 PRESIDENTE J.A. ROCA ([A]),Solo electr. Con camara MJyS,NO,3,A confirmar
0200325,20177800,LA RIOJA 1042,ENS N° 08 PRESIDENTE J.A. ROCA (SEDE),Solo electr. Con camara MJyS,NO,3,A confirmar
0200293,20132801,AVDA. SUAREZ 2123,ENS N° 05 GRAL. M. M. DE GÜEMES ([A]),Solo electr. Con camara MJyS,NO,1,A confirmar
0200299,20043800,SAAVEDRA 695,EPC N° 06 DR. GUILLERMO CORREA,Solo electr.,NO,1,A confirmar
0200102,20099700,AVDA. CORRIENTES 4261/HUMAHUACA 4254,ENS N° 07 JOSE MARIA TORRES,Solo electr. Con camara MJyS,NO,2,A confirmar
0200028,20070800,JUNCAL 3251,ENS LENGUAS VIVAS SOFIA DE SPANGENBERG,Solo electr. Con camara MJyS,NO,1,A confirmar
0200324,20086600,GRAL. URQUIZA 277 / MORENO 3177,ENS N°02 EN LENGUAS VIVAS MARIANO ACOSTA,Solo electr. Con camara MJyS,NO,1,A confirmar
0200427,20129700,AVDA. RIVADAVIA 4950/ROSARIO 411,ENS N°04 ESTANISLAO SEVERO ZEBALLOS,Solo electr. Con camara MJyS,NO,2,A confirmar
0200293,20132800,ARCAMENDIA 719/743/793,ENS N° 05 GRAL.  M. M. DE GÜEMES (SEDE),Solo electr.,NO,2,A confirmar
0200101,20071700,GÜEMES 3859,ENS N° 06 VICENTE LOPEZ Y PLANES,Solo electr. Con camara MJyS,NO,2,A confirmar
0200030,20117700,AVDA. CALLAO 450,ENS N° 09 DOMINGO FAUSTINO SARMIENTO,Solo electr. Con camara MJyS,NO,2,A confirmar
0200532,20121400,O'HIGGINS 2441,ENS N° 10 JUAN BAUTISTA ALBERDI (SEDE),Solo electr. Con camara MJyS,NO,1,A confirmar
0200327,20169300,DEAN FUNES 1821,ENS N° 11 DR. RICARDO LEVENE,Solo electr. Con camara MJyS,NO,1,A confirmar
0200796,20089500,LASCANO 3840,INST. DE ENSEÑANZA SUPERIOR EN LENGUAS VIVAS JUAN B. JUSTO (SEDE),Solo electr. Con camara MJyS,NO,1,A confirmar
0200312,,CATULO CASTILLO 2750,Museo Bernasconi,Física y electr.,SI,10,A confirmar
0200950,20027900,AVDA. LARRAZABAL 4520,EPC N° 05 ARMADA ARGENTINA,Solo electr. Con camara MJyS,NO,1,A confirmar
0200950,20221000,AVDA. LARRAZABAL 4520,JII N° 06/21°,Solo electr. Con camara MJyS,NO,1,A confirmar
0200139,20240000,AVDA. ENTRE RIOS 757,EEM N° 01/03° E.REINGRESO,Solo electr. Con camara MJyS,NO,1,A confirmar
0202595,20075700,DR. PEDRO I. RIVERA 4221/HOLMBERG 2754,ESCUELA SXXI,Solo fisica,SI,1,A confirmar
0200469,20103800,AGUIRRE 1473/LOYOLA 1500,ESC. TEC. Nº 34 ING. ENRIQUE MARTIN HERMITTE DE 09,Solo Espacio Seguro ME,NO,1,EN EJECUCIÓN
0200806,20067800,CERVANTES 1911,EPC N° 02 ALEJANDRO AGUADO,Solo Espacio Seguro ME,NO,1,EN EJECUCIÓN
0200795,20133600,MANUEL PORCEL DE PERALTA 1437,ESC. DE EDUC. MEDIA Nº 02 RUMANIA DE 17,Solo Espacio Seguro ME,NO,2,EN EJECUCIÓN
0200562,20125300,PERGAMINO 211,ESC. TEC. Nº 37 HOGAR NAVAL STELLA MARIS DE 11,Solo Espacio Seguro ME,NO,3,EN EJECUCIÓN
0202204,20302800,FONROUGE 711/719/735,ESC.SUP.DE EDUC. ARTISTICA EN DANZA Nº 1 NELLY RAMICONE,Solo Espacio Seguro ME,NO,1,SUSPENDIDA EJECUCIÓN
0200097,20097300,AVDA. RIVADAVIA 3577,COLEGIO Nº 03 MARIANO MORENO DE 02,Solo Espacio Seguro ME,NO,1,EN EJECUCIÓN
0200090,20152600,FRANCISCO ACUÑA DE FIGUEROA 850,EPC N° 19 FLORENCIO BALCARCE,Solo Espacio Seguro ME,NO,1,EN EJECUCIÓN
0200407,20102600,AVDA. LA PLATA 623,EPC N° 09 FLORENTINO AMEGHINO,Solo Espacio Seguro ME,NO,3,FINALIZADO
0200323,20129800,AVDA. BOEDO 760,ESC. TEC. Nº 29 RECONQUISTA DE BUENOS AIRES DE 06,Solo Espacio Seguro ME,NO,3,FINALIZADO
0200100,20144800,JERONIMO SALGUERO 920,ESC. TEC. Nº 30 NORBERTO PINERO DE 02,Solo Espacio Seguro ME,NO,1,FINALIZADO
0200091,20040400,PRINGLES 1165,EPC N° 20 ROSARIO VERA PEÑALOZA,Solo Espacio Seguro ME,NO,1,COLOCADA A CONFIGURAR
0200138,20124500,CHACABUCO 922,COLEGIO Nº 07 JUAN MARTIN DE PUEYRREDON DE 03,Solo Espacio Seguro ME,NO,3,FINALIZADO
0200140,20150100,MORENO 2135,ESC. DE COM. Nº 34 MONSEÑOR MIGUEL DE ANDREA DE 03,Solo Espacio Seguro ME,NO,2,EN EJECUCIÓN
0200001,20116000,AYACUCHO 1680,EPC N° 01 JUAN JOSE CASTELLI,Solo Espacio Seguro ME,NO,1,FINALIZADO
0200262,20083800,ZAVALETA 204,ESC. TEC. Nº 07 DOLORES LAVALLE DE LAVALLE DE 05,Solo Espacio Seguro ME,NO,2,FINALIZADO
0200133,20150000,AVDA. ENTRE RIOS 1359,EPC N° 22 CARLOS PELLEGRINI,Solo Espacio Seguro ME,NO,2,SUSPENDIDA EJECUCIÓN
0200180,20184000,BRANDSEN 1057/HERNANDARIAS 850,EPC N° 11 ANTONIO J. BUCICH,Solo Espacio Seguro ME,NO,1,FINALIZADO
0200014,20064600,JUNCAL 3185,EPC N° 16 WENCESLAO POSSE,Solo Espacio Seguro ME,NO,1,FINALIZADO
0200466,20095000,ANGEL JUSTINIANO CARRANZA 2045,ESC. DE COM. Nº 31 NACIONES UNIDAS DE 09,Solo Espacio Seguro ME,NO,2,FINALIZADO
0200948,20063800,AVDA. LARRAZABAL 4051,EPC N° 03 CRISTOBAL COLON,Solo Espacio Seguro ME,NO,2,SUSPENDIDA EJECUCIÓN
0200954,20109300,AVDA. LARRAZABAL 5001,EPC N° 10 ITALO AMERICO FORADORI,Solo Espacio Seguro ME,NO,2,EN EJECUCIÓN
0200951,20108600,NICOLAS DESCALZI 5425,EPC N° 06 REPUBLICA DE LA INDIA,Solo Espacio Seguro ME,NO,1,FINALIZADO
0200467,20080800,AVDA. SANTA FE 3727,ESC. TEC. N° 02 OSVALDO MAGNASCO,Solo Espacio Seguro ME,NO,2,FINALIZADO
0200096,20074400,AVDA. SANTA FE 2778,LICEO Nº 01 JOSE FIGUEROA ALCORTA DE 02,Solo Espacio Seguro ME,NO,3,FINALIZADO
0200099,20116200,VALENTIN GOMEZ 3163,COLEGIO Nº 05 BARTOLOME MITRE DE 02,Solo Espacio Seguro ME,NO,2,FINALIZADO
0200229,20077200,AVDA. CASEROS 734,EPC N° 07 JUAN DE GARAY,Solo Espacio Seguro ME,NO,1,FINALIZADO
0200266,20132700,DR. RAMON CARRILLO 317,CENTRO EDUCATIVO PARA NIÑOS EN TIEMPOS Y ESPACIOS SINGULARES N° 01,Solo Espacio Seguro ME,NO,1,FINALIZADO
0200176,20001000,BENITO QUINQUELA MARTIN 1081,EPC N° 04 JOSE JACINTO BERRUTTI,Solo Espacio Seguro ME,NO,1,FINALIZADO
0200356,20135300,AVDA. RIVADAVIA 6065,EPC N° 04 PRES. DR. ARTURO UMBERTO ILLIA,Solo Espacio Seguro ME,NO,1,FINALIZADO
0200643,20091100,PIO COLLIVADINO 436,ESC. TEC. Nº 08 PAULA ALBARRACIN DE SARMIENTO DE 13,Solo Espacio Seguro ME,NO,1,EN EJECUCIÓN
0200025,20123200,LAVALLE 1681 / RODRÍGUEZ PEÑA 551,ESC. TEC. Nº 19 ALEJANDRO VOLTA DE 01,Solo Espacio Seguro ME,NO,3,EN EJECUCIÓN
0200793,20090300,RICARDO GUTIERREZ 3246,ESC. TEC. Nº 24 DEFENSA DE BUENOS AIRES DE 17,Solo Espacio Seguro ME,NO,2,SUSPENDIDA EJECUCIÓN
0200529,20152700,NUÑEZ 3620/3638,ESC. TEC. N° 21 FRAGATA ESCUELA LIBERTAD,Solo Espacio Seguro ME,NO,1,FINALIZADO
0200727,20155300,VALDENEGRO 3523,ESC. DE COM. Nº 15 DRA CECILIA GRIERSON DE 15,Solo Espacio Seguro ME,NO,2,EN EJECUCIÓN
0200956,20108700,CAÑADA DE GOMEZ 4548,EPC N° 14 DR. RICARDO LEVENE,Solo Espacio Seguro ME,NO,2,FINALIZADO
0200627,20010300,MIRALLA 2666,EPC N° 09 HOMERO MANZI,Solo Espacio Seguro ME,NO,1,FINALIZADO
0200294,20088800,ADOLFO ALSINA 2499,EPC N° 01 ESTEBAN DE LUCA,Solo Espacio Seguro ME,NO,1,FINALIZADO
0200128,20052400,MORENO 2104,EPC N° 09 MARIANO MORENO,Solo Espacio Seguro ME,NO,1,FINALIZADO
0200468,20105100,AVDA. CABILDO 40,ESC. TEC. N° 03 MARIA SANCHEZ DE THOMPSON,Solo Espacio Seguro ME,NO,1,FINALIZADO
0200214,20235200,AVDA. REGIMIENTO DE PATRICIOS 1933,EEM N° 02/04° E.REINGRESO,Solo Espacio Seguro ME,NO,1,FINALIZADO
0200461,20100000,AVDA. DEL LIBERTADOR 4903,EPC N° 30 GRANADEROS DE SAN MARTIN,Solo Espacio Seguro ME,NO,1,FINALIZADO
0200002,20113300,AVDA. PTE. MANUEL QUINTANA 31/07,EPC N° 02 DOMINGO FAUSTINO SARMIENTO,Solo Espacio Seguro ME,NO,2,EN EJECUCIÓN
0200425,20088300,AVDA. JOSE MARIA MORENO 345,LICEO Nº 12 FRAY MAMERTO ESQUIU DE 08,Solo Espacio Seguro ME,NO,2,FINALIZADO
0200405,20082000,AVDA. ASAMBLEA 1221,EPC N° 07 NIÑAS DE AYOHUMA,Solo Espacio Seguro ME,NO,2,FINALIZADO
0200606,20122800,CONDARCO 290,COLEGIO Nº 09 JUSTO JOSE DE URQUIZA DE 12,Solo Espacio Seguro ME,NO,2,FINALIZADO
0200418,20155100,SARAZA 470,JIN C (EPCJC 24/08°) [S],Solo Espacio Seguro ME,NO,1,EN EJECUCIÓN
0200743,20059300,TERRADA 3983,EPC N° 04 CNEL. MAYOR I. ALVAREZ THOMAS,Solo Espacio Seguro ME,NO,1,FINALIZADO
0200726,20098600,AVDA. TRIUNVIRATO 4992,LICEO Nº 11 CORNELIO SAAVEDRA DE 15,Solo Espacio Seguro ME,NO,1,FINALIZADO
0200022,20113600,LIBERTAD 1257,COLEGIO Nº 02 DOMINGO FAUSTINO SARMIENTO DE 01,Solo Espacio Seguro ME,NO,3,FINALIZADO
0200026,20302700,ESMERALDA 285,ESC. SUPERIOR DE EDUCACION ARTISTICA EN DANZA AIDA VICTORIA MASTRAZZI DE 01 + ISFA [A 3],Solo Espacio Seguro ME,NO,2,FINALIZADO
0200509,20151600,PICO 2689,EPC N° 15 PROVINCIA DE SANTA FE,Solo Espacio Seguro ME,NO,1,FINALIZADO
0200718,20098700,ROGELIO YRURTIA 5806,EPC N° 19 NACIONES UNIDAS,Solo Espacio Seguro ME,NO,1,FINALIZADO
0200082,20146800,EL SALVADOR 4037,EPC N° 09 CNEL. GENARO BERON DE ASTRADA,Solo Espacio Seguro ME,NO,1,FINALIZADO
0200904,20051400,CARHUE 2157,EPC N° 07 ARISTOBULO DEL VALLE,Solo Espacio Seguro ME,NO,1,FINALIZADO
0200587,20100500,CARACAS 1249,EPC N° 04 PROVINCIA DE LA PAMPA,Solo Espacio Seguro ME,NO,1,FINALIZADO
0201865,20084900,FRAGATA PRESIDENTE SARMIENTO 1817,ESC. DE COM. Nº 17 STA MARIA DE LOS BUENOS AIRES DE 07,Solo Espacio Seguro ME,NO,1,FINALIZADO
0202144,20052800,PERU 946,EPC N° 21 HIPOLITO VIEYTES,Solo Espacio Seguro ME,NO,1,EN EJECUCIÓN
0200024,20050900,AVDA. DEL LIBERTADOR 238,ESC. TEC. Nº 12 LIB. GRAL. SAN MARTIN DE 01,Solo Espacio Seguro ME,NO,1,EN EJECUCIÓN
0200194,20046900,BOLIVAR 346,ESC. POLITEC. MANUEL BELGRANO,Solo Espacio Seguro ME,NO,2,FINALIZADO
0200008,20025000,TALCAHUANO 680/VIAMONTE 1314,EPC N° 08 NICOLAS AVELLANEDA,Solo Espacio Seguro ME,NO,1,FINALIZADO
0200382,20126700,AVDA. GAONA 1502,ESC. DE COM. N° 03 HIPOLITO VIEYTES,Solo Espacio Seguro ME,NO,1,COLOCADA A CONFIGURAR
0200196,20049900,AVDA. DON PEDRO DE MENDOZA 1777,ESC. TEC. Nº 31 MAESTRO QUINQUELA DE 04,Solo Espacio Seguro ME,NO,2,FINALIZADO
0200254,20145600,AVDA. MANUEL MONTES DE OCA 121,ESC. TEC. Nº 04 REPUBLICA DEL LIBANO DE 05,Solo Espacio Seguro ME,NO,1,FINALIZADO
0200098,20092000,ECUADOR 1158,COLEGIO Nº 06 MANUEL BELGRANO DE 02,Solo Espacio Seguro ME,NO,1,FINALIZADO
0200023,20056300,RIOBAMBA 623,ESC. DE COM. Nº 2 DR. ANTONIO BERMEJO DE 01,Solo Espacio Seguro ME,NO,1,FINALIZADO
0200780,20089800,AV SALVADOR M. DEL CARRIL 4172/ NUEVA YORK 4172,EPC N° 15 ANTONIO DEVOTO,Solo Espacio Seguro ME,NO,1,FINALIZADO
0200319,20050600,COCHABAMBA 2830/2860,ESC. TEC. Nº 11 MANUEL BELGRANO DE 06,Solo Espacio Seguro ME,NO,2,EN EJECUCIÓN
0202602,20290200,JOSE CUBAS 2440,ESCUELA INF. N° 05/16°,Solo Espacio Seguro ME,NO,1,SUSPENDIDA EJECUCIÓN
0200919,20153300,MONTIEL 3826 / ZUVIRIA 6680,EPC N° 22 RUFINO LURO CAMBACERES,Solo Espacio Seguro ME,NO,2,COLOCADA A CONFIGURAR
0200320,20084000,AVDA. JUJUY 780,ESC.TEC.Nº25 TTE 1ºDE ART.FRAY LUIS BELTRAN DE06,Solo Espacio Seguro ME,NO,1,FINALIZADO
0200086,20126200,AVDA. PUEYRREDON 630 / BOULOGNE SUR MER 635,EPC N° 14 JUAN MARTIN DE PUEYRREDON,Solo Espacio Seguro ME,NO,1,FINALIZADO
0200193,20062300,BENITO QUINQUELA MARTIN 1649,ESC. DE COM. Nº 01 JOAQUIN V. GONZALEZ DE 04,Solo Espacio Seguro ME,NO,3,EN EJECUCIÓN
0200404,20090200,AVDA. LA PLATA 1038,EPC N° 06 SAN JOSE DE CALASANZ,Solo Espacio Seguro ME,NO,3,FINALIZADO
0200257,20084300,SANTA MAGDALENA 431,ESC. TEC. Nº 14 LIBERTAD DE 05,Solo Espacio Seguro ME,NO,1,FINALIZADO
0200792,20093900,CONCORDIA 3555,ESC. TEC. N° 16 ESPAÑA,Solo Espacio Seguro ME,NO,2,FINALIZADO
0200413,20090600,ESTRADA 627,EPC N° 17 PROF. RAUL L. BERNARDELLI,Solo Espacio Seguro ME,NO,1,CANCELADA DEFINITIVAMENTE
0200781,20136500,CNEL. RAMON LISTA 5256,EPC N° 16 RDO. PADRE AGUSTIN P. NORES,Solo Espacio Seguro ME,NO,1,SUSPENDIDA EJECUCIÓN
0200595,20119700,AVDA. AVELLANEDA 2547,EPC N° 12 PROVINCIA DEL CHACO,Solo Espacio Seguro ME,NO,2,SUSPENDIDA EJECUCIÓN
0200406,20015801,AVDA. JOSE MARIA MORENO 480,EPC N° 08 ANTONIO SCHETTINO + JIN B (EPCJS 08/08°),Solo Espacio Seguro ME,NO,5,SUSPENDIDA EJECUCIÓN
0200859,20071100,AVDA. LAFUENTE 2670,EPC N° 16 WILLIAM C. MORRIS,Solo Espacio Seguro ME,NO,2,SUSPENDIDA EJECUCIÓN
0200410,20159502,AVDA. PEDRO GOYENA 984,JINE(EPCJS 14/08°) TRANVIA DE CABALLITO,Solo Espacio Seguro ME,NO,1,SUSPENDIDA EJECUCIÓN
0200377,20137400,AVDA. RIVADAVIA 4817,EPC N° 03 PRIMERA JUNTA,Solo Espacio Seguro ME,NO,1,SUSPENDIDA EJECUCIÓN
0200426,20087100,FORMOSA 136,ESC. DE COM. N° 19 JUAN MONTALVO,Solo Espacio Seguro ME,NO,1,SUSPENDIDA EJECUCIÓN
0200599,20120200,FRAY CAYETANO RODRIGUEZ 95,EPC N° 19 LEANDRO NICEFORO ALEM - JIN A (EPCJC 19/12°),Solo Espacio Seguro ME,NO,2,SUSPENDIDA EJECUCIÓN
0200827,20007900,GALLARDO 149,COLEGIO Nº 13 CNEL.DE MARINA TOMAS ESPORA DE 18,Solo Espacio Seguro ME,NO,1,SUSPENDIDA EJECUCIÓN
0200005,20313000,RODRIGUEZ PEÑA 747,JII N° 13/01° + EPC N° 05 NICOLAS RODRIGUEZ PEÑA,Solo Espacio Seguro ME,NO,3,SUSPENDIDA EJECUCIÓN
0202387,20294900,ZUVIRIA 6640,JIC N° 12/20°,Solo Espacio Seguro ME,NO,1,SUSPENDIDA EJECUCIÓN
0200822,20074500,GUALEGUAYCHU 520,EPC N° 23 REPUBLICA DE PORTUGAL,Solo Espacio Seguro ME,NO,1,A EJECUTAR
0200790,20014300,NAVARRO 4344,COLEGIO Nº 19 LUIS PASTEUR DE 17,Solo Espacio Seguro ME,NO,2,A EJECUTAR
0200829,20068000,AVDA. ALVAREZ JONTE 5075,ESC. DE COM. Nº 33 MAIPU DE 18,Solo Espacio Seguro ME,NO,3,SUSPENDIDA EJECUCIÓN
0200230,20029700,AVDA. AMANCIO ALCORTA 1934,EPC N° 08 CARLOS NORBERTO VERGARA,Solo Espacio Seguro ME,NO,1,A EJECUTAR
0200953,20109500,BERON DE ASTRADA 5920,EPC N° 09 HECTOR PANIZZA,Solo Espacio Seguro ME,NO,3,A EJECUTAR
0200020,20071400,JERONIMO SALGUERO 2455,EPC N° 26 ADOLFO VAN GELDEREN,Solo Espacio Seguro ME,NO,1,A EJECUTAR
0200381,20087600,GRAL. MARTIN DE GAINZA 1050,ESC. TEC. Nº 09 INGENIERO LUIS HUERGO DE 07,Solo Espacio Seguro ME,NO,2,SUSPENDIDA EJECUCIÓN
0200839,20161600,MORON 4149,COLEGIO N° 18 DR. ALBERTO LARROQUE,Solo Espacio Seguro ME,NO,1,SUSPENDIDA EJECUCIÓN
0200506,20053000,AVDA. CRAMER 3271,EPC N° 12 PROF. RODOLFO SENET,Solo Espacio Seguro ME,NO,2,A EJECUTAR
0200525,20151200,CARLOS E. ZUBERBÜHLER 1850,COLEGIO Nº 08 JULIO A. ROCA DE 10,Solo Espacio Seguro ME,NO,4,A EJECUTAR
0200452,20108000,CONDE 223,EPC N° 13 RAUL SCALABRINI ORTIZ,Solo Espacio Seguro ME,NO,1,A EJECUTAR
0200530,20062200,CUBA 2410,ESC. TEC. Nº 28 REPUBLICA FRANCESA DE 10,Solo Espacio Seguro ME,NO,2,A EJECUTAR
0200645,20117000,LACARRA 621,ESC. TEC. Nº 23 CASAL CALVINO DE 13,Solo Espacio Seguro ME,NO,1,A EJECUTAR
0200955,20026800,AVDA. PIEDRA BUENA 4863,EPC N° 13 DR. ALFREDO LANARI,Solo Espacio Seguro ME,NO,1,COLOCADA A CONFIGURAR
0200178,20000900,AVDA. DON PEDRO DE MENDOZA 1835,EPC N° 09 BENITO QUINQUELA MARTIN,Solo Espacio Seguro ME,NO,1,FINALIZADO
0200574,20107900,AVDA. CARABOBO 286,ESC. TEC. N° 18 JOSE ANTONIO ALVAREZ CONDARCO,Solo Espacio Seguro ME,NO,1,FINALIZADO
0200958,20112400,BERON DE ASTRADA 6351,EPC N° 16 DR. SOFANOR NOVILLO CORVALAN,Solo Espacio Seguro ME,NO,1,FINALIZADO
0200647,20064900,AVDA. ESCALADA 2890,ESC. DE COM. Nº 06 AMERICA DE 13,Solo Espacio Seguro ME,NO,1,EN EJECUCIÓN
0200957,20109200,CAFAYATE 5388,EPC N° 15 DR. CARLOS ALBERTO VERONELLI,Solo Espacio Seguro ME,NO,1,SUSPENDIDA EJECUCIÓN
0200918,20057000,GOLETA SANTA CRUZ 6999,EPC N° 21 SOLDADO DE MALVINAS,Solo Espacio Seguro ME,NO,2,FINALIZADO
